{
    "boxes": [
        {
            "h": 119.94401650844806,
            "id": 167,
            "label": "\u09ac\u09b0\u09cd\u09b7\u09be\u09ae\u09c1\u0996\u09b0",
            "w": 216.20782488684756,
            "x": 36.88013547258517,
            "y": 161.23541743417547
        },
        {
            "h": 83.86988600472844,
            "id": 155,
            "w": 138.9638831472577,
            "x": 68.00484256734033,
            "y": 326.8310144444443
        },
        {
            "h": 79,
            "id": 143,
            "w": 157,
            "x": 87,
            "y": 465
        },
        {
            "h": 81,
            "id": 138,
            "w": 148,
            "x": 96,
            "y": 561
        },
        {
            "h": 86,
            "id": 123,
            "w": 136,
            "x": 107,
            "y": 704
        },
        {
            "h": 85,
            "id": 113,
            "w": 117,
            "x": 110,
            "y": 852
        },
        {
            "h": 66,
            "id": 102,
            "w": 158,
            "x": 112,
            "y": 1056
        },
        {
            "h": 111,
            "id": 94,
            "w": 229,
            "x": 113,
            "y": 1152
        },
        {
            "h": 86,
            "id": 81,
            "w": 137,
            "x": 119,
            "y": 1290
        },
        {
            "h": 7,
            "id": 105,
            "w": 15,
            "x": 120,
            "y": 1044
        },
        {
            "h": 74,
            "id": 50,
            "w": 134,
            "x": 127,
            "y": 1689
        },
        {
            "h": 109,
            "id": 68,
            "w": 253,
            "x": 133,
            "y": 1411
        },
        {
            "h": 50,
            "id": 58,
            "w": 110,
            "x": 137,
            "y": 1564
        },
        {
            "h": 82,
            "id": 40,
            "w": 122,
            "x": 137,
            "y": 1800
        },
        {
            "h": 64,
            "id": 23,
            "w": 89,
            "x": 147,
            "y": 1951
        },
        {
            "h": 100,
            "id": 6,
            "w": 90,
            "x": 153,
            "y": 2175
        },
        {
            "h": 91,
            "id": 18,
            "w": 144,
            "x": 155,
            "y": 2049
        },
        {
            "h": 55,
            "id": 156,
            "w": 167,
            "x": 212,
            "y": 320
        },
        {
            "h": 78,
            "id": 111,
            "w": 114,
            "x": 241,
            "y": 857
        },
        {
            "h": 48,
            "id": 5,
            "w": 71,
            "x": 259,
            "y": 2219
        },
        {
            "h": 69,
            "id": 22,
            "w": 183,
            "x": 261,
            "y": 1956
        },
        {
            "h": 66,
            "id": 144,
            "w": 109,
            "x": 263,
            "y": 462
        },
        {
            "h": 81,
            "id": 172,
            "w": 96,
            "x": 264,
            "y": 160
        },
        {
            "h": 69,
            "id": 56,
            "w": 191,
            "x": 269,
            "y": 1568
        },
        {
            "h": 68,
            "id": 137,
            "w": 103,
            "x": 277,
            "y": 571
        },
        {
            "h": 67,
            "id": 118,
            "w": 109,
            "x": 277,
            "y": 730
        },
        {
            "h": 66,
            "id": 73,
            "w": 133,
            "x": 277,
            "y": 1318
        },
        {
            "h": 79,
            "id": 51,
            "w": 58,
            "x": 283,
            "y": 1664
        },
        {
            "h": 73,
            "id": 38,
            "w": 201,
            "x": 287,
            "y": 1823
        },
        {
            "h": 55,
            "id": 101,
            "w": 182,
            "x": 290,
            "y": 1057
        },
        {
            "h": 34,
            "id": 13,
            "w": 18,
            "x": 313,
            "y": 2099
        },
        {
            "h": 70,
            "id": 15,
            "w": 132,
            "x": 350,
            "y": 2092
        },
        {
            "h": 65,
            "id": 49,
            "w": 138,
            "x": 361,
            "y": 1692
        },
        {
            "h": 77,
            "id": 4,
            "w": 108,
            "x": 371,
            "y": 2225
        },
        {
            "h": 76,
            "id": 168,
            "w": 129,
            "x": 374,
            "y": 188
        },
        {
            "h": 77,
            "id": 86,
            "w": 170,
            "x": 376,
            "y": 1185
        },
        {
            "h": 72,
            "id": 110,
            "w": 114,
            "x": 386,
            "y": 857
        },
        {
            "h": 112,
            "id": 148,
            "w": 192,
            "x": 402,
            "y": 420
        },
        {
            "h": 110,
            "id": 163,
            "w": 145,
            "x": 405,
            "y": 282
        },
        {
            "h": 64,
            "id": 64,
            "w": 152,
            "x": 408,
            "y": 1450
        },
        {
            "h": 49,
            "id": 121,
            "w": 109,
            "x": 409,
            "y": 723
        },
        {
            "h": 69,
            "id": 132,
            "w": 165,
            "x": 416,
            "y": 589
        },
        {
            "h": 63,
            "id": 75,
            "w": 127,
            "x": 433,
            "y": 1311
        },
        {
            "h": 16,
            "id": 29,
            "w": 17,
            "x": 443,
            "y": 1867
        },
        {
            "h": 104,
            "id": 27,
            "w": 125,
            "x": 475,
            "y": 1919
        },
        {
            "h": 59,
            "id": 53,
            "w": 130,
            "x": 484,
            "y": 1574
        },
        {
            "h": 87,
            "id": 17,
            "w": 131,
            "x": 492,
            "y": 2063
        },
        {
            "h": 68,
            "id": 100,
            "w": 108,
            "x": 493,
            "y": 1057
        },
        {
            "h": 22,
            "id": 166,
            "w": 16,
            "x": 498,
            "y": 225
        },
        {
            "h": 92,
            "id": 3,
            "w": 112,
            "x": 506,
            "y": 2226
        },
        {
            "h": 99,
            "id": 173,
            "w": 237,
            "x": 515,
            "y": 157
        },
        {
            "h": 76,
            "id": 37,
            "w": 235,
            "x": 521,
            "y": 1824
        },
        {
            "h": 69,
            "id": 48,
            "w": 129,
            "x": 527,
            "y": 1697
        },
        {
            "h": 108,
            "id": 117,
            "w": 158,
            "x": 535,
            "y": 818
        },
        {
            "h": 67,
            "id": 120,
            "w": 91,
            "x": 541,
            "y": 723
        },
        {
            "h": 66,
            "id": 74,
            "w": 98,
            "x": 566,
            "y": 1314
        },
        {
            "h": 19,
            "id": 154,
            "w": 16,
            "x": 569,
            "y": 348
        },
        {
            "h": 57,
            "id": 90,
            "w": 133,
            "x": 580,
            "y": 1179
        },
        {
            "h": 31,
            "id": 63,
            "w": 20,
            "x": 585,
            "y": 1458
        },
        {
            "h": 95,
            "id": 162,
            "w": 157,
            "x": 593,
            "y": 282
        },
        {
            "h": 73,
            "id": 65,
            "w": 183,
            "x": 615,
            "y": 1436
        },
        {
            "h": 96,
            "id": 107,
            "w": 96,
            "x": 616,
            "y": 1015
        },
        {
            "h": 53,
            "id": 133,
            "w": 121,
            "x": 617,
            "y": 583
        },
        {
            "h": 95,
            "id": 149,
            "w": 195,
            "x": 627,
            "y": 417
        },
        {
            "h": 121,
            "id": 61,
            "w": 114,
            "x": 635,
            "y": 1527
        },
        {
            "h": 79,
            "id": 20,
            "w": 115,
            "x": 642,
            "y": 1959
        },
        {
            "h": 64,
            "id": 12,
            "w": 105,
            "x": 648,
            "y": 2102
        },
        {
            "h": 75,
            "id": 1,
            "w": 113,
            "x": 648,
            "y": 2231
        },
        {
            "h": 71,
            "id": 122,
            "w": 175,
            "x": 672,
            "y": 719
        },
        {
            "h": 70,
            "id": 44,
            "w": 142,
            "x": 686,
            "y": 1703
        },
        {
            "h": 104,
            "id": 82,
            "w": 230,
            "x": 691,
            "y": 1277
        },
        {
            "h": 77,
            "id": 112,
            "w": 152,
            "x": 722,
            "y": 853
        },
        {
            "h": 45,
            "id": 87,
            "w": 151,
            "x": 739,
            "y": 1182
        },
        {
            "h": 14,
            "id": 109,
            "w": 16,
            "x": 740,
            "y": 901
        },
        {
            "h": 64,
            "id": 103,
            "w": 121,
            "x": 749,
            "y": 1055
        },
        {
            "h": 71,
            "id": 134,
            "w": 124,
            "x": 764,
            "y": 581
        },
        {
            "h": 80,
            "id": 169,
            "w": 130,
            "x": 768,
            "y": 183
        },
        {
            "h": 69,
            "id": 55,
            "w": 130,
            "x": 774,
            "y": 1570
        },
        {
            "h": 69,
            "id": 157,
            "w": 147,
            "x": 777,
            "y": 312
        },
        {
            "h": 75,
            "id": 11,
            "w": 140,
            "x": 777,
            "y": 2102
        },
        {
            "h": 50,
            "id": 2,
            "w": 34,
            "x": 777,
            "y": 2229
        },
        {
            "h": 108,
            "id": 26,
            "w": 170,
            "x": 787,
            "y": 1926
        },
        {
            "h": 87,
            "id": 36,
            "w": 112,
            "x": 788,
            "y": 1831
        },
        {
            "h": 14,
            "id": 0,
            "w": 15,
            "x": 791,
            "y": 2286
        },
        {
            "h": 13,
            "id": 83,
            "w": 14,
            "x": 819,
            "y": 1222
        },
        {
            "h": 79,
            "id": 67,
            "w": 112,
            "x": 826,
            "y": 1414
        },
        {
            "h": 98,
            "id": 151,
            "w": 120,
            "x": 849,
            "y": 405
        },
        {
            "h": 81,
            "id": 45,
            "w": 242,
            "x": 862,
            "y": 1702
        },
        {
            "h": 90,
            "id": 129,
            "w": 128,
            "x": 881,
            "y": 666
        },
        {
            "h": 104,
            "id": 108,
            "w": 119,
            "x": 894,
            "y": 1013
        },
        {
            "h": 89,
            "id": 116,
            "w": 112,
            "x": 897,
            "y": 830
        },
        {
            "h": 70,
            "id": 136,
            "w": 114,
            "x": 908,
            "y": 573
        },
        {
            "h": 50,
            "id": 93,
            "w": 186,
            "x": 911,
            "y": 1176
        },
        {
            "h": 51,
            "id": 170,
            "w": 123,
            "x": 920,
            "y": 172
        },
        {
            "h": 82,
            "id": 35,
            "w": 93,
            "x": 921,
            "y": 1837
        },
        {
            "h": 113,
            "id": 60,
            "w": 146,
            "x": 924,
            "y": 1529
        },
        {
            "h": 65,
            "id": 76,
            "w": 105,
            "x": 945,
            "y": 1303
        },
        {
            "h": 66,
            "id": 10,
            "w": 109,
            "x": 948,
            "y": 2105
        },
        {
            "h": 48,
            "id": 158,
            "w": 140,
            "x": 952,
            "y": 302
        },
        {
            "h": 117,
            "id": 72,
            "w": 88,
            "x": 975,
            "y": 1397
        },
        {
            "h": 16,
            "id": 33,
            "w": 16,
            "x": 978,
            "y": 1840
        },
        {
            "h": 15,
            "id": 28,
            "w": 16,
            "x": 980,
            "y": 1868
        },
        {
            "h": 106,
            "id": 25,
            "w": 122,
            "x": 987,
            "y": 1929
        },
        {
            "h": 46,
            "id": 34,
            "w": 62,
            "x": 995,
            "y": 1837
        },
        {
            "h": 71,
            "id": 147,
            "w": 140,
            "x": 1000,
            "y": 430
        },
        {
            "h": 70,
            "id": 115,
            "w": 112,
            "x": 1035,
            "y": 840
        },
        {
            "h": 65,
            "id": 125,
            "w": 74,
            "x": 1037,
            "y": 700
        },
        {
            "h": 116,
            "id": 106,
            "w": 186,
            "x": 1038,
            "y": 1018
        },
        {
            "h": 97,
            "id": 141,
            "w": 249,
            "x": 1065,
            "y": 534
        },
        {
            "h": 75,
            "id": 175,
            "w": 197,
            "x": 1070,
            "y": 154
        },
        {
            "h": 67,
            "id": 78,
            "w": 127,
            "x": 1074,
            "y": 1297
        },
        {
            "h": 103,
            "id": 70,
            "w": 138,
            "x": 1078,
            "y": 1404
        },
        {
            "h": 107,
            "id": 16,
            "w": 150,
            "x": 1081,
            "y": 2079
        },
        {
            "h": 88,
            "id": 59,
            "w": 131,
            "x": 1088,
            "y": 1542
        },
        {
            "h": 15,
            "id": 119,
            "w": 17,
            "x": 1099,
            "y": 725
        },
        {
            "h": 16,
            "id": 124,
            "w": 16,
            "x": 1100,
            "y": 700
        },
        {
            "h": 81,
            "id": 39,
            "w": 270,
            "x": 1101,
            "y": 1809
        },
        {
            "h": 14,
            "id": 95,
            "w": 16,
            "x": 1112,
            "y": 1093
        },
        {
            "h": 41,
            "id": 126,
            "w": 58,
            "x": 1117,
            "y": 694
        },
        {
            "h": 61,
            "id": 161,
            "w": 195,
            "x": 1123,
            "y": 285
        },
        {
            "h": 70,
            "id": 89,
            "w": 107,
            "x": 1132,
            "y": 1181
        },
        {
            "h": 75,
            "id": 19,
            "w": 193,
            "x": 1141,
            "y": 1975
        },
        {
            "h": 65,
            "id": 43,
            "w": 129,
            "x": 1142,
            "y": 1706
        },
        {
            "h": 30,
            "id": 114,
            "w": 17,
            "x": 1161,
            "y": 851
        },
        {
            "h": 66,
            "id": 146,
            "w": 113,
            "x": 1172,
            "y": 431
        },
        {
            "h": 88,
            "id": 128,
            "w": 128,
            "x": 1215,
            "y": 669
        },
        {
            "h": 64,
            "id": 79,
            "w": 128,
            "x": 1223,
            "y": 1295
        },
        {
            "h": 14,
            "id": 41,
            "w": 16,
            "x": 1223,
            "y": 1746
        },
        {
            "h": 76,
            "id": 98,
            "w": 95,
            "x": 1250,
            "y": 1058
        },
        {
            "h": 51,
            "id": 92,
            "w": 131,
            "x": 1258,
            "y": 1176
        },
        {
            "h": 102,
            "id": 69,
            "w": 148,
            "x": 1258,
            "y": 1405
        },
        {
            "h": 81,
            "id": 9,
            "w": 105,
            "x": 1259,
            "y": 2115
        },
        {
            "h": 68,
            "id": 57,
            "w": 232,
            "x": 1261,
            "y": 1565
        },
        {
            "h": 37,
            "id": 42,
            "w": 17,
            "x": 1295,
            "y": 1713
        },
        {
            "h": 52,
            "id": 174,
            "w": 135,
            "x": 1296,
            "y": 154
        },
        {
            "h": 94,
            "id": 152,
            "w": 225,
            "x": 1312,
            "y": 392
        },
        {
            "h": 21,
            "id": 131,
            "w": 18,
            "x": 1320,
            "y": 597
        },
        {
            "h": 15,
            "id": 7,
            "w": 20,
            "x": 1329,
            "y": 2157
        },
        {
            "h": 62,
            "id": 46,
            "w": 109,
            "x": 1334,
            "y": 1701
        },
        {
            "h": 12,
            "id": 84,
            "w": 15,
            "x": 1347,
            "y": 1218
        },
        {
            "h": 69,
            "id": 164,
            "w": 163,
            "x": 1351,
            "y": 275
        },
        {
            "h": 72,
            "id": 140,
            "w": 85,
            "x": 1358,
            "y": 536
        },
        {
            "h": 131,
            "id": 24,
            "w": 212,
            "x": 1366,
            "y": 1937
        },
        {
            "h": 65,
            "id": 127,
            "w": 107,
            "x": 1373,
            "y": 690
        },
        {
            "h": 52,
            "id": 97,
            "w": 110,
            "x": 1375,
            "y": 1059
        },
        {
            "h": 54,
            "id": 80,
            "w": 56,
            "x": 1391,
            "y": 1290
        },
        {
            "h": 70,
            "id": 32,
            "w": 116,
            "x": 1391,
            "y": 1848
        },
        {
            "h": 103,
            "id": 14,
            "w": 181,
            "x": 1409,
            "y": 2096
        },
        {
            "h": 61,
            "id": 91,
            "w": 125,
            "x": 1419,
            "y": 1176
        },
        {
            "h": 46,
            "id": 66,
            "w": 107,
            "x": 1429,
            "y": 1428
        },
        {
            "h": 35,
            "id": 135,
            "w": 39,
            "x": 1443,
            "y": 580
        },
        {
            "h": 19,
            "id": 139,
            "w": 19,
            "x": 1444,
            "y": 560
        },
        {
            "h": 71,
            "id": 176,
            "w": 225,
            "x": 1452,
            "y": 141
        },
        {
            "h": 75,
            "id": 47,
            "w": 217,
            "x": 1480,
            "y": 1699
        },
        {
            "h": 63,
            "id": 77,
            "w": 206,
            "x": 1483,
            "y": 1302
        },
        {
            "h": 98,
            "id": 142,
            "w": 191,
            "x": 1499,
            "y": 500
        },
        {
            "h": 18,
            "id": 62,
            "w": 19,
            "x": 1507,
            "y": 1472
        },
        {
            "h": 104,
            "id": 130,
            "w": 188,
            "x": 1508,
            "y": 645
        },
        {
            "h": 67,
            "id": 99,
            "w": 142,
            "x": 1509,
            "y": 1057
        },
        {
            "h": 64,
            "id": 54,
            "w": 188,
            "x": 1516,
            "y": 1571
        },
        {
            "h": 6,
            "id": 153,
            "w": 12,
            "x": 1519,
            "y": 362
        },
        {
            "h": 79,
            "id": 31,
            "w": 207,
            "x": 1523,
            "y": 1848
        },
        {
            "h": 51,
            "id": 165,
            "w": 166,
            "x": 1541,
            "y": 261
        },
        {
            "h": 54,
            "id": 88,
            "w": 141,
            "x": 1566,
            "y": 1181
        },
        {
            "h": 99,
            "id": 71,
            "w": 127,
            "x": 1572,
            "y": 1403
        },
        {
            "h": 50,
            "id": 150,
            "w": 112,
            "x": 1573,
            "y": 410
        },
        {
            "h": 78,
            "id": 21,
            "w": 168,
            "x": 1597,
            "y": 1956
        },
        {
            "h": 72,
            "id": 8,
            "w": 135,
            "x": 1617,
            "y": 2123
        },
        {
            "h": 13,
            "id": 160,
            "w": 17,
            "x": 1625,
            "y": 296
        },
        {
            "h": 15,
            "id": 52,
            "w": 15,
            "x": 1659,
            "y": 1615
        },
        {
            "h": 73,
            "id": 104,
            "w": 112,
            "x": 1660,
            "y": 1050
        },
        {
            "h": 22,
            "id": 145,
            "w": 19,
            "x": 1669,
            "y": 448
        },
        {
            "h": 12,
            "id": 159,
            "w": 16,
            "x": 1721,
            "y": 300
        },
        {
            "h": 29,
            "id": 85,
            "w": 16,
            "x": 1724,
            "y": 1194
        },
        {
            "h": 39,
            "id": 30,
            "w": 18,
            "x": 1737,
            "y": 1863
        },
        {
            "h": 27,
            "id": 96,
            "w": 19,
            "x": 1775,
            "y": 1065
        }
    ],
    "file": "JahidHasan210620_1.jpg"
}