{
    "boxes": [
        {
            "h": 145.9444158911136,
            "id": 1,
            "label": "\u09ac\u09be",
            "w": 131,
            "x": 8.999999999999996,
            "y": 2929.527792054443
        },
        {
            "h": 133.14823692632484,
            "id": 101,
            "label": "\u09b9\u09c3\u09a6\u09af\u09bc\u09c7\u09b0",
            "w": 281,
            "x": 24.999999999999996,
            "y": 1323.4258815368373
        },
        {
            "h": 123.0239064867217,
            "id": 6,
            "label": "\u09b0\u09cb\u0997",
            "w": 198.99999999999997,
            "x": 29,
            "y": 2768.4880467566386
        },
        {
            "h": 119,
            "id": 52,
            "label": "\u09ac\u09c3\u09b7\u09cd\u099f\u09bf",
            "w": 164,
            "x": 30,
            "y": 2124
        },
        {
            "h": 146.5206222917565,
            "id": 118,
            "label": "\u09a2\u09c7\u09b0",
            "w": 154,
            "x": 31.999999999999996,
            "y": 881.7396888541217
        },
        {
            "h": 124.4536081527257,
            "id": 80,
            "label": "\u09b9\u09df\u09c7",
            "w": 147,
            "x": 49.377535579922146,
            "y": 1643.6470945903025
        },
        {
            "h": 138.83092284109964,
            "id": 93,
            "label": "\u09b0\u0999\u09c7\u09b0",
            "w": 209.99999999999997,
            "x": 37.99999999999999,
            "y": 1479.08453857945
        },
        {
            "h": 150.31062544735926,
            "id": 39,
            "label": "\u09a5\u09c7\u09ae\u09c7",
            "w": 209,
            "x": 37.99999999999999,
            "y": 2279.84468727632
        },
        {
            "h": 115.81223669153769,
            "id": 71,
            "label": "\u09ac\u09b2\u09c7",
            "w": 189.99999999999997,
            "x": 39,
            "y": 1813.593881654231
        },
        {
            "h": 137.69953612326773,
            "id": 62,
            "label": "\u0989\u09a4\u09cd\u09a4\u09b0",
            "w": 197,
            "x": 49.018943819966616,
            "y": 1953.0871812716985
        },
        {
            "h": 141.65847421965665,
            "id": 148,
            "label": "\u0985\u09a8\u09cd\u09a7\u0995\u09be\u09b0",
            "w": 252.99999999999997,
            "x": 44.00000000000001,
            "y": 408.17076289017166
        },
        {
            "h": 103.4361674194345,
            "id": 128,
            "label": "\u09aa\u09be\u09a4\u09be",
            "w": 168.99999999999997,
            "x": 46.99999999999999,
            "y": 747.2819162902828
        },
        {
            "h": 96,
            "id": 142,
            "label": "\u099a\u09bf\u09b0\u09c7",
            "w": 159,
            "x": 49,
            "y": 571
        },
        {
            "h": 132.50208259870087,
            "id": 112,
            "label": "\u09a7\u09c2\u09b8\u09b0",
            "w": 156,
            "x": 52.33964793998887,
            "y": 1068.1859080339827
        },
        {
            "h": 132.6496027244116,
            "id": 29,
            "label": "\u0985\u0982\u09b6\u09c1\u09ae\u09be\u09a8",
            "w": 332.99999999999994,
            "x": 49.99999999999999,
            "y": 2447.6751986377935
        },
        {
            "h": 174.16162695942427,
            "id": 168,
            "label": "\u09ac\u09b0\u09cd\u09b7\u09be\u09ae\u09c1\u0996\u09b0",
            "w": 268,
            "x": 51.99999999999974,
            "y": 60.71459190822394
        },
        {
            "h": 147.85281051518575,
            "id": 22,
            "label": "\u0988\u09b6\u09cd\u09ac\u09b0",
            "w": 211,
            "x": 58.000000000000014,
            "y": 2593.573594742407
        },
        {
            "h": 156.08132688214857,
            "id": 2,
            "label": "\u09a4\u09be\u09b0\u09c7",
            "w": 175.99999999999997,
            "x": 180,
            "y": 2924.9593365589253
        },
        {
            "h": 108.26768300531484,
            "id": 81,
            "label": "\u09af\u09be\u09af\u09bc",
            "w": 126.99999999999999,
            "x": 206.99999999999997,
            "y": 1660.366158497342
        },
        {
            "h": 134.21716709944218,
            "id": 51,
            "label": "\u09a8\u09be\u09ae\u09c7",
            "w": 180.99999999999997,
            "x": 223.99999999999994,
            "y": 2117.8914164502785
        },
        {
            "h": 136.483316581358,
            "id": 119,
            "label": "\u09aa\u09c1\u09b0\u09cb\u09a8\u09cb",
            "w": 203,
            "x": 236,
            "y": 891.7583417093208
        },
        {
            "h": 145.0462035906415,
            "id": 116,
            "label": "\u099c\u09c0\u09ac\u09a8\u09c7",
            "w": 253.99999999999997,
            "x": 241.99999999999994,
            "y": 1038.976898204679
        },
        {
            "h": 172.96608815487676,
            "id": 10,
            "label": "\u09af\u09a6\u09bf",
            "w": 113,
            "x": 244.99999999999997,
            "y": 2724.516955922561
        },
        {
            "h": 102.34113122691772,
            "id": 139,
            "label": "\u09a5\u09c7\u0995\u09c7",
            "w": 208,
            "x": 249,
            "y": 575.329434386541
        },
        {
            "h": 114.67602750532532,
            "id": 72,
            "label": "\u09b6\u09be\u09a8\u09cd\u09a4",
            "w": 183,
            "x": 251.3396479399889,
            "y": 1803.59893558067
        },
        {
            "h": 119.36824381460666,
            "id": 129,
            "label": "\u099d\u09b0\u09c7",
            "w": 168.99999999999997,
            "x": 251.99999999999997,
            "y": 730.8158780926966
        },
        {
            "h": 121.0747365755978,
            "id": 158,
            "label": "\u09b6\u09cb\u09a8\u09be\u09a4\u09c7",
            "w": 273,
            "x": 271,
            "y": 250.96263171220104
        },
        {
            "h": 163.0447784286741,
            "id": 94,
            "label": "\u09ab\u09c1\u09b2\u09c7",
            "w": 197.99999999999994,
            "x": 276.99999999999994,
            "y": 1443.7884587856624
        },
        {
            "h": 187.4622982874533,
            "id": 61,
            "label": "\u09aa\u09c2\u09b0\u09cd\u09ac",
            "w": 113,
            "x": 293,
            "y": 1953.268850856273
        },
        {
            "h": 142.65467557390937,
            "id": 20,
            "label": "\u09a4\u09c3\u09b7\u09cd\u09a3\u09be",
            "w": 172.99999999999997,
            "x": 297,
            "y": 2593.672662213045
        },
        {
            "h": 129.7864530892036,
            "id": 103,
            "label": "\u099a\u099e\u09cd\u099a\u09b2\u09a4\u09be",
            "w": 264,
            "x": 338.99999999999994,
            "y": 1310.106773455398
        },
        {
            "h": 139.07002481297644,
            "id": 175,
            "label": "\u09a6\u09bf\u09a8",
            "w": 151,
            "x": 348.3396479399887,
            "y": 38.46498759351176
        },
        {
            "h": 124.57935350539697,
            "id": 149,
            "label": "\u09ae\u09c7\u0998\u09c7\u09b0",
            "w": 209,
            "x": 348,
            "y": 403.2103232473015
        },
        {
            "h": 149.90180602916084,
            "id": 8,
            "label": "\u09a6\u09c7\u09b9",
            "w": 153,
            "x": 378,
            "y": 2747.5490969854195
        },
        {
            "h": 144.15752901742357,
            "id": 84,
            "label": "\u09a7\u09b0\u09be\u09b0",
            "w": 153,
            "x": 378.99999999999994,
            "y": 1618.421235491288
        },
        {
            "h": 118.63647258180606,
            "id": 3,
            "label": "\u09b8\u09c1\u09b8\u09cd\u09a5",
            "w": 169.99999999999997,
            "x": 382.99999999999994,
            "y": 2951.1817637090962
        },
        {
            "h": 112.16590414974452,
            "id": 30,
            "label": "\u09b8\u09c1\u0996",
            "w": 185.16159334003197,
            "x": 397.8346265498395,
            "y": 2445.85399725846
        },
        {
            "h": 158.1379566013735,
            "id": 65,
            "label": "\u09a6\u09bf\u0995\u09c7",
            "w": 215.99999999999997,
            "x": 423,
            "y": 1910.4310216993129
        },
        {
            "h": 157.89993318726826,
            "id": 55,
            "label": "\u09ae\u09be\u09a0\u09c7",
            "w": 177,
            "x": 432.99999999999994,
            "y": 2077.550033406366
        },
        {
            "h": 120.29220051318558,
            "id": 74,
            "label": "\u09ad\u09be\u09ac\u09c7",
            "w": 166.99999999999997,
            "x": 461.99999999999994,
            "y": 1786.8538997434068
        },
        {
            "h": 138.8340490509151,
            "id": 122,
            "label": "\u0997\u09ad\u09c0\u09b0",
            "w": 171.99999999999997,
            "x": 463,
            "y": 861.5829754745423
        },
        {
            "h": 122.38431260025499,
            "id": 130,
            "label": "\u09aa\u09a1\u09bc\u09c7",
            "w": 147,
            "x": 470,
            "y": 727.8078436998725
        },
        {
            "h": 95.89684942579997,
            "id": 140,
            "label": "\u09b9\u09a4\u09c7",
            "w": 183.99999999999997,
            "x": 492,
            "y": 577.0515752870999
        },
        {
            "h": 144.9141983865143,
            "id": 42,
            "label": "\u09aa\u09be\u09b0\u09be\u09aa\u09be\u09b0\u09c7",
            "w": 221,
            "x": 496.99999999999994,
            "y": 2268.5429008067426
        },
        {
            "h": 133.16666343481276,
            "id": 24,
            "label": "\u09ae\u09c7\u099f\u09be\u09af\u09bc",
            "w": 215.99999999999997,
            "x": 522,
            "y": 2580.916668282593
        },
        {
            "h": 109,
            "id": 117,
            "label": "\u09b0\u0999\u09a7\u09a8\u09c1",
            "w": 214,
            "x": 524,
            "y": 1050
        },
        {
            "h": 174.1849225112513,
            "id": 97,
            "label": "\u0995\u09c1\u099c\u09cd\u099d\u099f\u09bf\u0995\u09be",
            "w": 304.99999999999994,
            "x": 528,
            "y": 1426.9075387443743
        },
        {
            "h": 138.1474027538104,
            "id": 167,
            "label": "\u09b6\u09c7\u09b7\u09c7",
            "w": 163,
            "x": 541,
            "y": 60.926298623094766
        },
        {
            "h": 152.03479638497646,
            "id": 7,
            "label": "\u099b\u09c7\u09a1\u09bc\u09c7",
            "w": 153,
            "x": 548,
            "y": 2750.9826018075114
        },
        {
            "h": 127.83924786346799,
            "id": 83,
            "label": "\u0985\u0999\u09cd\u0997\u09a8",
            "w": 238,
            "x": 563,
            "y": 1623.5803760682659
        },
        {
            "h": 141.7496747084378,
            "id": 159,
            "label": "\u09ac\u09b8\u09c7",
            "w": 148.99999999999997,
            "x": 572,
            "y": 235.62516264578102
        },
        {
            "h": 102.49841539550793,
            "id": 32,
            "label": "\u09a6\u09c1\u0983\u0996",
            "w": 186,
            "x": 593,
            "y": 2450.250792302246
        },
        {
            "h": 145.797230325973,
            "id": 4,
            "label": "\u0995\u09b0\u09c7",
            "w": 135,
            "x": 593,
            "y": 2924.101384837014
        },
        {
            "h": 113.72315267828634,
            "id": 150,
            "label": "\u0986\u09a1\u09bc\u09ae\u09cd\u09ac\u09b0",
            "w": 270,
            "x": 604,
            "y": 402.6384236608568
        },
        {
            "h": 149.51618512030478,
            "id": 57,
            "label": "\u098a\u09b7\u09be\u09b0",
            "w": 206,
            "x": 638.9999999999999,
            "y": 2069.241907439847
        },
        {
            "h": 150.8032838627142,
            "id": 133,
            "label": "\u0994\u09a6\u09be\u09b8\u09c0\u09a8\u09cd\u09af\u09c7",
            "w": 303.9999999999999,
            "x": 656.3207041200222,
            "y": 694.0983580686421
        },
        {
            "h": 124.88451294760327,
            "id": 104,
            "label": "\u09ac\u09a8\u09cd\u09a7\u09c7",
            "w": 139,
            "x": 664,
            "y": 1303.5577435261982
        },
        {
            "h": 131.2090468891855,
            "id": 120,
            "label": "\u09a6\u09c1\u0983\u0996",
            "w": 168,
            "x": 667.9999999999999,
            "y": 885.8954765554072
        },
        {
            "h": 166.86528940520125,
            "id": 73,
            "label": "\u098f",
            "w": 53.999999999999986,
            "x": 669.9999999999997,
            "y": 1757.067355297398
        },
        {
            "h": 154.54570072829748,
            "id": 67,
            "label": "\u09b9\u09a0\u09be\u09ce",
            "w": 166.99999999999997,
            "x": 670,
            "y": 1914.2271496358512
        },
        {
            "h": 129.3826717942266,
            "id": 143,
            "label": "\u0990\u09b0\u09be\u09ac\u09a4\u09c7\u09b0",
            "w": 299,
            "x": 708.9999999999998,
            "y": 542.8086641028866
        },
        {
            "h": 163.9786161302563,
            "id": 5,
            "label": "?",
            "w": 42.99999999999998,
            "x": 737.6792958799779,
            "y": 2911.51069193487
        },
        {
            "h": 143.62819299281404,
            "id": 9,
            "label": "\u09ae\u09a8\u09c7",
            "w": 185,
            "x": 739.6792958799776,
            "y": 2742.685903503592
        },
        {
            "h": 150.65836530213394,
            "id": 44,
            "label": "\u0996\u09c7\u09af\u09bc\u09be",
            "w": 180,
            "x": 747.9999999999999,
            "y": 2251.670817348933
        },
        {
            "h": 150.92265868593404,
            "id": 174,
            "label": "\u098a\u09b0\u09cd\u09a6\u09cd\u09a7\u09aa\u09be\u09a8\u09c7",
            "w": 307,
            "x": 753.6603520600111,
            "y": 48.66477199036639
        },
        {
            "h": 140.4654786089,
            "id": 160,
            "label": "\u0993\u09b8\u09ae\u09be\u09a8",
            "w": 247,
            "x": 764,
            "y": 225.76726069554996
        },
        {
            "h": 129.1218204832382,
            "id": 75,
            "label": "\u09ac\u09cd\u09b0\u09b9\u09cd\u09ae\u09be\u09a3\u09cd\u09a1\u09c7",
            "w": 229.99999999999997,
            "x": 769.9999999999999,
            "y": 1766.9390897583808
        },
        {
            "h": 95.00666335356487,
            "id": 114,
            "label": "\u098f\u09a8\u09c7",
            "w": 142.99999999999997,
            "x": 778.9999999999999,
            "y": 1055.4966683232174
        },
        {
            "h": 126.26911716238656,
            "id": 25,
            "label": "\u09b8\u09c7\u0987",
            "w": 171,
            "x": 778.9999999999999,
            "y": 2570.8654414188068
        },
        {
            "h": 137.6614439663657,
            "id": 37,
            "label": "\u09aa\u09be\u09b6\u09be\u09aa\u09be\u09b6\u09bf",
            "w": 326,
            "x": 802,
            "y": 2398.169278016817
        },
        {
            "h": 160.51779235690807,
            "id": 106,
            "label": "\u09ac\u09cd\u09b0\u09a4\u09c0",
            "w": 154,
            "x": 844.9999999999999,
            "y": 1262.7411038215457
        },
        {
            "h": 133.38473377198065,
            "id": 87,
            "label": "\u0995\u09cd\u09b7\u09bf\u09aa\u09cd\u09a4",
            "w": 204.99999999999997,
            "x": 846,
            "y": 1595.8076331140096
        },
        {
            "h": 140.20667352237885,
            "id": 95,
            "label": "\u09aa\u09cd\u09b0\u09ad\u099e\u09cd\u099c\u09a8",
            "w": 271,
            "x": 856.9999999999999,
            "y": 1449.8966632388103
        },
        {
            "h": 167.82057955394615,
            "id": 123,
            "label": "\u09b9\u09a0\u09be\u09ce",
            "w": 154,
            "x": 873.9999999999999,
            "y": 838.5897102230268
        },
        {
            "h": 152.15696822514272,
            "id": 53,
            "label": "\u0986\u0995\u09be\u09b6\u09c7",
            "w": 323,
            "x": 887,
            "y": 2071.921515887428
        },
        {
            "h": 136.28896316810014,
            "id": 64,
            "label": "\u099d\u09a1\u09bc",
            "w": 144,
            "x": 889,
            "y": 1921.35551841595
        },
        {
            "h": 188.87445120381727,
            "id": 13,
            "label": "\u0997\u09bf\u09af\u09bc\u09c7",
            "w": 206.99999999999997,
            "x": 931,
            "y": 2703.062774398091
        },
        {
            "h": 123.69876717914617,
            "id": 151,
            "label": "\u09b8\u09ac\u09c1\u099c\u09c7",
            "w": 206.99999999999997,
            "x": 931.9999999999999,
            "y": 387.1506164104269
        },
        {
            "h": 118.29819754406186,
            "id": 115,
            "label": "\u09a6\u09c7\u09af\u09bc",
            "w": 120.99999999999997,
            "x": 948.9999999999998,
            "y": 1032.2878505613019
        },
        {
            "h": 120.05001670142309,
            "id": 45,
            "label": "\u09b6\u09b0\u09ce",
            "w": 174,
            "x": 981.9999999999999,
            "y": 2259.9749916492883
        },
        {
            "h": 148.9906626151688,
            "id": 23,
            "label": "\u099c\u09b2\u09c7\u09a4\u09c7",
            "w": 229.99999999999994,
            "x": 982.320704120022,
            "y": 2559.315516692415
        },
        {
            "h": 138.34470339327422,
            "id": 131,
            "label": "\u098f\u09ac\u0982",
            "w": 116,
            "x": 1027,
            "y": 712.3276483033627
        },
        {
            "h": 158.49097176246983,
            "id": 105,
            "label": "\u09b9\u09b2\u09c7",
            "w": 177.99999999999997,
            "x": 1027.9999999999998,
            "y": 1264.7545141187647
        },
        {
            "h": 116.1894088579118,
            "id": 141,
            "label": "\u09a1\u09be\u0995",
            "w": 166,
            "x": 1031,
            "y": 550.405295571044
        },
        {
            "h": 139.43754002628125,
            "id": 162,
            "label": "\u09ad\u09c1\u0981\u0987\u099e\u09be",
            "w": 220,
            "x": 1043,
            "y": 204.28122998685924
        },
        {
            "h": 118.05975124171015,
            "id": 78,
            "label": "\u09ac\u09be\u099e\u09cd\u099b\u09bf\u09a4\u09ab\u09b2",
            "w": 350.99999999999994,
            "x": 1043,
            "y": 1733.4701243791444
        },
        {
            "h": 111.67493890485626,
            "id": 70,
            "label": "\u0989\u09a0\u09c7",
            "w": 157.99999999999997,
            "x": 1045,
            "y": 1901.1625305475718
        },
        {
            "h": 138.733817955697,
            "id": 121,
            "label": "\u09af\u09c7\u09a8",
            "w": 154,
            "x": 1083,
            "y": 862.1330910221513
        },
        {
            "h": 136.17316088657924,
            "id": 85,
            "label": "\u09b9\u09b2\u09c7",
            "w": 179,
            "x": 1088,
            "y": 1587.9134195567103
        },
        {
            "h": 119.22533358837285,
            "id": 169,
            "label": "\u099a\u09c7\u09af\u09bc\u09c7",
            "w": 160.99999999999994,
            "x": 1106.6792958799772,
            "y": 68.95038387248019
        },
        {
            "h": 130.8853544588772,
            "id": 34,
            "label": "\u09b8\u09b9",
            "w": 160.99999999999997,
            "x": 1149,
            "y": 2416.0573227705613
        },
        {
            "h": 125.5404388301236,
            "id": 96,
            "label": "\u09b6\u0999\u09cd\u0995\u09be\u09b0",
            "w": 235.99999999999994,
            "x": 1158.339647939989,
            "y": 1442.2928312516042
        },
        {
            "h": 100.08459168071151,
            "id": 152,
            "label": "\u098b\u09a6\u09cd\u09a7",
            "w": 141,
            "x": 1167,
            "y": 382.4577041596441
        },
        {
            "h": 160.40948759303203,
            "id": 12,
            "label": "\u09a7\u09b0\u09c7",
            "w": 120.99999999999999,
            "x": 1168,
            "y": 2714.795256203484
        },
        {
            "h": 156.77258470712775,
            "id": 136,
            "label": "\u09a4\u09be\u09b0\u0987",
            "w": 206,
            "x": 1191,
            "y": 671.613707646436
        },
        {
            "h": 146.48022989393294,
            "id": 48,
            "label": "\u098b\u09a4\u09c1\u09a4\u09c7",
            "w": 235.99999999999997,
            "x": 1196,
            "y": 2228.259885053033
        },
        {
            "h": 123.25726207623175,
            "id": 26,
            "label": "\u099c\u09c0\u09ac\u0995\u09c1\u09b2\u09c7",
            "w": 294.99999999999994,
            "x": 1234,
            "y": 2573.8713689618835
        },
        {
            "h": 118.52571250060784,
            "id": 66,
            "label": "\u0997\u0997\u09a8",
            "w": 180,
            "x": 1239.9999999999998,
            "y": 1905.7371437496959
        },
        {
            "h": 160.77806713754256,
            "id": 108,
            "label": "\u099c\u09c0\u09ac\u09a8",
            "w": 208,
            "x": 1242,
            "y": 1240.6109664312285
        },
        {
            "h": 158.5446681966059,
            "id": 54,
            "label": "\u09b8\u09a8\u09cd\u09a7\u09cd\u09af\u09be\u09b0",
            "w": 223,
            "x": 1249,
            "y": 2060.2276659016966
        },
        {
            "h": 163.5094840724132,
            "id": 126,
            "label": "\u09ac\u09c3\u09b7\u09cd\u099f\u09bf\u09a4\u09c7",
            "w": 252.99999999999994,
            "x": 1263.660352060011,
            "y": 836.745257963793
        },
        {
            "h": 125.48191116295303,
            "id": 144,
            "label": "\u09ae\u09be\u099f\u09bf\u09b0",
            "w": 209.99999999999997,
            "x": 1270,
            "y": 507.75904441852344
        },
        {
            "h": 143.59580523736352,
            "id": 163,
            "label": "\u0988\u09b7\u09be\u09a8",
            "w": 211,
            "x": 1295.339647939989,
            "y": 200.3912493813183
        },
        {
            "h": 123.00509641206297,
            "id": 171,
            "label": "\u09af\u0996\u09a8",
            "w": 168.99999999999997,
            "x": 1294,
            "y": 48.4974517939685
        },
        {
            "h": 120.66891374389769,
            "id": 86,
            "label": "\u09b8\u09be\u0999\u09cd\u0997",
            "w": 189.99999999999997,
            "x": 1297,
            "y": 1580.6655431280508
        },
        {
            "h": 119.45152058700464,
            "id": 35,
            "label": "\u0985\u09ac\u09b8\u09cd\u09a5\u09be\u09a8",
            "w": 297.99999999999994,
            "x": 1328.9999999999998,
            "y": 2410.7742397064976
        },
        {
            "h": 163.83207914274317,
            "id": 11,
            "label": "\u0994\u09b7\u09a7\u09c7\u09b0",
            "w": 235.99999999999997,
            "x": 1331.9999999999998,
            "y": 2711.583960428628
        },
        {
            "h": 144.64048328064848,
            "id": 154,
            "label": "\u09ac\u09a8\u09ad\u09c2\u09ae\u09bf\u09b0",
            "w": 255,
            "x": 1346.339647939989,
            "y": 322.17975835967565
        },
        {
            "h": 125.93810212440998,
            "id": 77,
            "label": "\u09ae\u09c7\u09b2\u09c7",
            "w": 197.99999999999997,
            "x": 1427.9999999999998,
            "y": 1720.0309489377948
        },
        {
            "h": 131.93903675876442,
            "id": 132,
            "label": "\u09ab\u09be\u0981\u0995\u09c7",
            "w": 206.99999999999997,
            "x": 1437.9999999999998,
            "y": 685.5304816206177
        },
        {
            "h": 121.49349592596177,
            "id": 98,
            "label": "\u0995\u09be\u09b0\u09a3",
            "w": 209,
            "x": 1440.9999999999998,
            "y": 1423.7532520370191
        },
        {
            "h": 160.2055876956865,
            "id": 46,
            "label": "\u099a\u09be\u0981\u09a6",
            "w": 139,
            "x": 1451.9999999999998,
            "y": 2219.8972061521567
        },
        {
            "h": 176.55484586891242,
            "id": 68,
            "label": "\u09ae\u09c7\u0998\u09c7\u09a4\u09c7",
            "w": 264,
            "x": 1457.9999999999998,
            "y": 1864.2225770655439
        },
        {
            "h": 122,
            "id": 111,
            "label": "\u09aa\u09b0\u09bf\u09aa\u09c2\u09b0\u09cd\u09a3",
            "w": 228,
            "x": 1488,
            "y": 1248
        },
        {
            "h": 126.92309064658178,
            "id": 56,
            "label": "\u099b\u09be\u09af\u09bc\u09be",
            "w": 177.99999999999997,
            "x": 1488,
            "y": 2069.5384546767086
        },
        {
            "h": 138.1001544129843,
            "id": 172,
            "label": "\u0986\u09b7\u09be\u09a2\u09bc\u09c7",
            "w": 226,
            "x": 1498.3396479399885,
            "y": 39.44992279350781
        },
        {
            "h": 118.97955716812403,
            "id": 145,
            "label": "\u0989\u09aa\u09b0",
            "w": 203.99999999999997,
            "x": 1495.9999999999998,
            "y": 492.5102214159379
        },
        {
            "h": 111.36257769029284,
            "id": 88,
            "label": "\u09b9\u09ac\u09c7",
            "w": 145.99999999999997,
            "x": 1518.3396479399892,
            "y": 1578.8187111548532
        },
        {
            "h": 135.3577134338941,
            "id": 161,
            "label": "\u0995\u09cb\u09a3\u09c7",
            "w": 204.99999999999997,
            "x": 1535,
            "y": 186.82114328305292
        },
        {
            "h": 180.05178650240308,
            "id": 27,
            "label": "\u09ac\u09bf\u09a8\u09be\u09b6",
            "w": 259,
            "x": 1546,
            "y": 2528.4741067487976
        },
        {
            "h": 157.32496628409248,
            "id": 124,
            "label": "\u09a7\u09c1\u09af\u09bc\u09c7",
            "w": 123,
            "x": 1562.3396479399894,
            "y": 837.3375168579533
        },
        {
            "h": 186.35433046446104,
            "id": 14,
            "label": "\u09b8\u09be\u09a7\u09cd\u09af",
            "w": 188,
            "x": 1597.9999999999998,
            "y": 2699.822834767769
        },
        {
            "h": 162.70505933312168,
            "id": 47,
            "label": "\u0986\u09b2\u09cb\u09af\u09bc",
            "w": 294,
            "x": 1614.9999999999998,
            "y": 2206.647470333439
        },
        {
            "h": 135.2376332961647,
            "id": 155,
            "label": "\u09a8\u09bf\u09b0\u09cd\u099c\u09a8\u09a4\u09be",
            "w": 318.66861789100494,
            "x": 1621.3361854341972,
            "y": 308.8811833519175
        },
        {
            "h": 152.05318943802249,
            "id": 79,
            "label": "\u09b6\u09cd\u09b0\u09be\u09ac\u09a8\u09c7",
            "w": 249.99999999999997,
            "x": 1666.9999999999998,
            "y": 1693.9734052809886
        },
        {
            "h": 115.1719475170277,
            "id": 135,
            "label": "\u099c\u09ae\u09c7",
            "w": 174.99999999999994,
            "x": 1667.6603520600108,
            "y": 685.4770769081528
        },
        {
            "h": 145.14346240167063,
            "id": 91,
            "label": "\u09ac\u09bf\u099c\u09cd\u099e\u099c\u09a8\u09c7",
            "w": 337.99999999999994,
            "x": 1675.9999999999995,
            "y": 1528.4282687991642
        },
        {
            "h": 123.75099504232303,
            "id": 36,
            "label": "\u09af\u09c7",
            "w": 127.99999999999999,
            "x": 1679.9999999999998,
            "y": 2395.624502478838
        },
        {
            "h": 121.76549790439245,
            "id": 99,
            "label": "\u09b2\u09a3\u09cd\u09a1\u09ad\u09a3\u09cd\u09a1",
            "w": 262,
            "x": 1674.9810561800327,
            "y": 1401.5542003811368
        },
        {
            "h": 166.22990613671288,
            "id": 59,
            "label": "\u0990",
            "w": 61,
            "x": 1706,
            "y": 2018.8850469316433
        },
        {
            "h": 154.5375494248846,
            "id": 125,
            "label": "\u09ae\u09c1\u099b\u09c7",
            "w": 157.99999999999997,
            "x": 1710.9999999999998,
            "y": 829.2312252875577
        },
        {
            "h": 122.49582548510269,
            "id": 146,
            "label": "\u09b6\u09c1\u0995\u09a8\u09cb",
            "w": 268,
            "x": 1720.9999999999998,
            "y": 488.7520872574485
        },
        {
            "h": 127.08643967428898,
            "id": 107,
            "label": "\u09b9\u09ac\u09c7",
            "w": 142.99999999999997,
            "x": 1737.9999999999998,
            "y": 1240.9567801628555
        },
        {
            "h": 166.1512271126093,
            "id": 69,
            "label": "\u09a2\u09be\u0995\u09c7",
            "w": 204.99999999999997,
            "x": 1757.9999999999998,
            "y": 1857.9243864436953
        },
        {
            "h": 147.35583546990463,
            "id": 173,
            "label": "\u0997\u09b2\u09cd\u09aa",
            "w": 154.99999999999997,
            "x": 1764.9999999999998,
            "y": 35.32208226504767
        },
        {
            "h": 120.38603083011033,
            "id": 58,
            "label": "\u09a6\u09c7\u0996\u09cb",
            "w": 220,
            "x": 1771.9999999999998,
            "y": 2053.8069845849445
        },
        {
            "h": 108.69413972891282,
            "id": 164,
            "label": "\u09a4\u0996\u09a8",
            "w": 192,
            "x": 1781,
            "y": 185.15293013554358
        },
        {
            "h": 156.24435905814252,
            "id": 38,
            "label": "\u099c\u09b2\u09c7\u09a4\u09c7",
            "w": 239.99999999999997,
            "x": 1821.6603520600108,
            "y": 2368.251719137594
        },
        {
            "h": 172.55151865071855,
            "id": 28,
            "label": "\u0998\u099f\u09be\u09af\u09bc",
            "w": 150,
            "x": 1825,
            "y": 2530.2242406746404
        },
        {
            "h": 168.45452394306614,
            "id": 15,
            "label": "\u0995\u09c0",
            "w": 140,
            "x": 1830.6603520600104,
            "y": 2706.9618900284663
        },
        {
            "h": 142.08246555383582,
            "id": 137,
            "label": "\u09a5\u09be\u0995\u09be",
            "w": 168,
            "x": 1864.9999999999998,
            "y": 646.9587672230821
        },
        {
            "h": 138.05560589742728,
            "id": 109,
            "label": "\u09a8\u09be\u09a8\u09be",
            "w": 156,
            "x": 1900,
            "y": 1223.9721970512862
        },
        {
            "h": 5.5630506666667126,
            "id": 1667245179492,
            "w": 2.3396479399889003,
            "x": 360.7617613564248,
            "y": 2330.2487453225026
        },
        {
            "h": 188.774418053012,
            "id": 1667245186419,
            "label": "\u0997\u09c7\u099b\u09c7",
            "w": 201.2027836535805,
            "x": 269.52069423988394,
            "y": 2263.681738962662
        }
    ],
    "file": "Jim210616_1.jpg"
}