{
    "boxes": [
        {
            "h": 50,
            "id": 3,
            "label": "\u0995\u09b0\u09c7",
            "w": 176,
            "x": 67,
            "y": 2048
        },
        {
            "h": 49,
            "id": 9,
            "label": "\u099c\u09b2\u09c7\u09a4\u09c7",
            "w": 233,
            "x": 78,
            "y": 1836
        },
        {
            "h": 56,
            "id": 16,
            "label": "\u0985\u09ac\u09b8\u09cd\u09a5\u09be\u09a8",
            "w": 263,
            "x": 86,
            "y": 1724
        },
        {
            "h": 56,
            "id": 41,
            "label": "\u09ae\u09c7\u0998\u09c7\u09a4\u09c7",
            "w": 232,
            "x": 88,
            "y": 1412
        },
        {
            "h": 52,
            "id": 34,
            "label": "\u099b\u09be\u09af\u09bc\u09be",
            "w": 170,
            "x": 90,
            "y": 1510
        },
        {
            "h": 78,
            "id": 153,
            "label": "\u09ac\u09b0\u09cd\u09b7\u09be\u09ae\u09c1\u0996\u09b0",
            "w": 250,
            "x": 93,
            "y": 97
        },
        {
            "h": 50,
            "id": 52,
            "label": "\u09ae\u09c7\u09b2\u09c7",
            "w": 182,
            "x": 95,
            "y": 1308
        },
        {
            "h": 47,
            "id": 84,
            "label": "\u09b9\u09c3\u09a6\u09af\u09bc\u09c7\u09b0",
            "w": 260,
            "x": 99,
            "y": 898
        },
        {
            "h": 43,
            "id": 61,
            "label": "\u09b9\u09ac\u09c7",
            "w": 116,
            "x": 107,
            "y": 1206
        },
        {
            "h": 48,
            "id": 140,
            "label": "\u09ac\u09b8\u09c7",
            "w": 147,
            "x": 112,
            "y": 211
        },
        {
            "h": 76,
            "id": 129,
            "label": "\u0990\u09b0\u09be\u09ac\u09a4\u09c7\u09b0",
            "w": 295,
            "x": 115,
            "y": 382
        },
        {
            "h": 67,
            "id": 134,
            "label": "\u0986\u09a1\u09bc\u09ae\u09cd\u09ac\u09b0",
            "w": 206,
            "x": 116,
            "y": 300
        },
        {
            "h": 68,
            "id": 118,
            "label": "\u0994\u09a6\u09be\u09b8\u09c0\u09a8\u09cd\u09af\u09c7",
            "w": 254,
            "x": 121,
            "y": 490
        },
        {
            "h": 46,
            "id": 139,
            "label": "\u0993\u09b8\u09ae\u09be\u09a8",
            "w": 235,
            "x": 260,
            "y": 213
        },
        {
            "h": 50,
            "id": 33,
            "label": "\u0990",
            "w": 80,
            "x": 265,
            "y": 1511
        },
        {
            "h": 44,
            "id": 39,
            "label": "\u09a2\u09be\u0995\u09c7",
            "w": 198,
            "x": 322,
            "y": 1422
        },
        {
            "h": 48,
            "id": 50,
            "label": "\u09b6\u09cd\u09b0\u09be\u09ac\u09a8\u09c7",
            "w": 235,
            "x": 324,
            "y": 1314
        },
        {
            "h": 57,
            "id": 133,
            "label": "\u09b8\u09ac\u09c1\u099c\u09c7",
            "w": 221,
            "x": 357,
            "y": 310
        },
        {
            "h": 51,
            "id": 68,
            "label": "\u09b9\u09df\u09c7",
            "w": 141,
            "x": 365,
            "y": 1104
        },
        {
            "h": 49,
            "id": 83,
            "label": "\u099a\u099e\u09cd\u099a\u09b2\u09a4\u09be",
            "w": 263,
            "x": 371,
            "y": 900
        },
        {
            "h": 45,
            "id": 123,
            "label": "\u09a1\u09be\u0995",
            "w": 146,
            "x": 411,
            "y": 416
        },
        {
            "h": 63,
            "id": 77,
            "label": "\u09ab\u09c1\u09b2\u09c7",
            "w": 168,
            "x": 482,
            "y": 1004
        },
        {
            "h": 83,
            "id": 144,
            "label": "\u09ad\u09c1\u0981\u0987\u099e\u09be",
            "w": 213,
            "x": 502,
            "y": 185
        },
        {
            "h": 64,
            "id": 101,
            "label": "\u09b9\u09a0\u09be\u09ce",
            "w": 158,
            "x": 513,
            "y": 600
        },
        {
            "h": 76,
            "id": 44,
            "label": "\u09ac\u09c3\u09b7\u09cd\u099f\u09bf",
            "w": 198,
            "x": 523,
            "y": 1398
        },
        {
            "h": 49,
            "id": 67,
            "label": "\u09af\u09be\u09af\u09bc",
            "w": 199,
            "x": 527,
            "y": 1109
        },
        {
            "h": 75,
            "id": 55,
            "label": "\u0989\u09a4\u09cd\u09a4\u09b0",
            "w": 139,
            "x": 560,
            "y": 1294
        },
        {
            "h": 65,
            "id": 116,
            "label": "\u09a4\u09be\u09b0\u0987",
            "w": 204,
            "x": 571,
            "y": 498
        },
        {
            "h": 51,
            "id": 132,
            "label": "\u098b\u09a6\u09cd\u09a7",
            "w": 132,
            "x": 608,
            "y": 311
        },
        {
            "h": 84,
            "id": 87,
            "label": "\u09ac\u09a8\u09cd\u09a7\u09c7",
            "w": 138.57707711671307,
            "x": 658.5167867538665,
            "y": 873.1494443625209
        },
        {
            "h": 66,
            "id": 154,
            "label": "\u098a\u09b0\u09cd\u09a6\u09cd\u09a7\u09aa\u09be\u09a8\u09c7",
            "w": 266,
            "x": 671,
            "y": 92
        },
        {
            "h": 49,
            "id": 97,
            "label": "\u09af\u09c7\u09a8",
            "w": 172,
            "x": 685,
            "y": 614
        },
        {
            "h": 90,
            "id": 81,
            "label": "\u0995\u09c1\u099c\u09cd\u099d\u099f\u09bf\u0995\u09be",
            "w": 354,
            "x": 695,
            "y": 974
        },
        {
            "h": 78,
            "id": 146,
            "label": "\u0988\u09b7\u09be\u09a8",
            "w": 212,
            "x": 744,
            "y": 177
        },
        {
            "h": 58,
            "id": 60,
            "label": "\u09b6\u09be\u09a8\u09cd\u09a4",
            "w": 163.12252361126662,
            "x": 747.6672411528779,
            "y": 1202.8505556374791
        },
        {
            "h": 63,
            "id": 69,
            "label": "\u09a7\u09b0\u09be\u09b0",
            "w": 206,
            "x": 749,
            "y": 1097
        },
        {
            "h": 40,
            "id": 110,
            "label": "\u09ab\u09be\u0981\u0995\u09c7",
            "w": 197,
            "x": 777,
            "y": 520
        },
        {
            "h": 45,
            "id": 32,
            "label": "\u0997\u09c7\u099b\u09c7",
            "w": 211,
            "x": 812,
            "y": 1513
        },
        {
            "h": 69,
            "id": 12,
            "label": "\u0998\u099f\u09be\u09af\u09bc",
            "w": 189,
            "x": 895,
            "y": 1812
        },
        {
            "h": 62,
            "id": 72,
            "label": "\u0985\u0999\u09cd\u0997\u09a8",
            "w": 237,
            "x": 957,
            "y": 1091
        },
        {
            "h": 47,
            "id": 142,
            "label": "\u0995\u09cb\u09a3\u09c7",
            "w": 217,
            "x": 959,
            "y": 205
        },
        {
            "h": 49,
            "id": 86,
            "label": "\u09b9\u09b2\u09c7",
            "w": 168,
            "x": 1003,
            "y": 883
        },
        {
            "h": 59,
            "id": 124,
            "label": "\u09b6\u09c1\u0995\u09a8\u09cb",
            "w": 254,
            "x": 1022,
            "y": 413
        },
        {
            "h": 50,
            "id": 17,
            "label": "\u09a4\u09c3\u09b7\u09cd\u09a3\u09be",
            "w": 190,
            "x": 1037,
            "y": 1722
        },
        {
            "h": 53,
            "id": 35,
            "label": "\u09aa\u09be\u09b0\u09be\u09aa\u09be\u09b0\u09c7",
            "w": 332.82598248842095,
            "x": 1040.9704658234725,
            "y": 1490.8505556374796
        },
        {
            "h": 56,
            "id": 80,
            "label": "\u09aa\u09cd\u09b0\u09ad\u099e\u09cd\u099c\u09a8",
            "w": 299,
            "x": 1069,
            "y": 985
        },
        {
            "h": 35,
            "id": 59,
            "label": "\u098f",
            "w": 67,
            "x": 1104,
            "y": 1207
        },
        {
            "h": 69,
            "id": 46,
            "label": "\u098a\u09b7\u09be\u09b0",
            "w": 201,
            "x": 1108,
            "y": 1387
        },
        {
            "h": 71,
            "id": 99,
            "label": "\u09a7\u09c1\u09af\u09bc\u09c7",
            "w": 129,
            "x": 1138,
            "y": 605
        },
        {
            "h": 67,
            "id": 88,
            "label": "\u099c\u09c0\u09ac\u09a8",
            "w": 264,
            "x": 1177,
            "y": 855
        },
        {
            "h": 66,
            "id": 63,
            "label": "\u09ac\u09cd\u09b0\u09b9\u09cd\u09ae\u09be\u09a3\u09cd\u09a1\u09c7",
            "w": 282,
            "x": 1221,
            "y": 1184
        },
        {
            "h": 63,
            "id": 98,
            "label": "\u09ae\u09c1\u099b\u09c7",
            "w": 169,
            "x": 1282,
            "y": 612
        },
        {
            "h": 42,
            "id": 125,
            "label": "\u09aa\u09be\u09a4\u09be",
            "w": 162,
            "x": 1285,
            "y": 411
        },
        {
            "h": 44,
            "id": 151,
            "label": "\u0986\u09b7\u09be\u09a2\u09bc\u09c7",
            "w": 259,
            "x": 1302,
            "y": 101
        },
        {
            "h": 55,
            "id": 45,
            "label": "\u0986\u0995\u09be\u09b6\u09c7",
            "w": 329,
            "x": 1314,
            "y": 1393
        },
        {
            "h": 41,
            "id": 111,
            "label": "\u09a2\u09c7\u09b0",
            "w": 168,
            "x": 1372,
            "y": 519
        },
        {
            "h": 83,
            "id": 28,
            "label": "\u09aa\u09be\u09b6\u09be\u09aa\u09be\u09b6\u09bf",
            "w": 393,
            "x": 1390,
            "y": 1555
        },
        {
            "h": 46,
            "id": 126,
            "label": "\u099d\u09b0\u09c7",
            "w": 210,
            "x": 1453,
            "y": 403
        },
        {
            "h": 47,
            "id": 6,
            "label": "\u09a4\u09be\u09b0\u09c7",
            "w": 189,
            "x": 1453,
            "y": 1924
        },
        {
            "h": 73,
            "id": 100,
            "label": "\u09a7\u09c2\u09b8\u09b0",
            "w": 188,
            "x": 1497,
            "y": 602
        },
        {
            "h": 69,
            "id": 64,
            "label": "\u09ac\u09be\u099e\u09cd\u099b\u09bf\u09a4\u09ab\u09b2",
            "w": 346,
            "x": 1530,
            "y": 1154
        },
        {
            "h": 47,
            "id": 143,
            "label": "\u09ae\u09c7\u0998\u09c7\u09b0",
            "w": 281,
            "x": 1625,
            "y": 202
        },
        {
            "h": 47,
            "id": 57,
            "label": "\u0997\u0997\u09a8",
            "w": 234,
            "x": 1637,
            "y": 1276
        },
        {
            "h": 67,
            "id": 7,
            "label": "\u09b8\u09c1\u09b8\u09cd\u09a5",
            "w": 188,
            "x": 1651,
            "y": 1917
        },
        {
            "h": 59,
            "id": 47,
            "label": "\u09b8\u09a8\u09cd\u09a7\u09cd\u09af\u09be\u09b0",
            "w": 272,
            "x": 1652,
            "y": 1375
        },
        {
            "h": 52,
            "id": 38,
            "label": "\u09b6\u09b0\u09ce",
            "w": 164,
            "x": 1655,
            "y": 1470
        },
        {
            "h": 49,
            "id": 128,
            "label": "\u09aa\u09a1\u09bc\u09c7",
            "w": 176,
            "x": 1669,
            "y": 391
        },
        {
            "h": 52,
            "id": 75,
            "label": "\u09b8\u09be\u0999\u09cd\u0997",
            "w": 257,
            "x": 1681,
            "y": 1048
        },
        {
            "h": 71,
            "id": 104,
            "label": "\u099c\u09c0\u09ac\u09a8\u09c7",
            "w": 226,
            "x": 1687,
            "y": 575
        },
        {
            "h": 59,
            "id": 13,
            "label": "\u099b\u09c7\u09a1\u09bc\u09c7",
            "w": 180,
            "x": 1729,
            "y": 1799
        },
        {
            "h": 45,
            "id": 90,
            "label": "\u09b9\u09ac\u09c7",
            "w": 129,
            "x": 1766,
            "y": 835
        },
        {
            "h": 42,
            "id": 27,
            "label": "\u09b8\u09b9",
            "w": 146,
            "x": 1789,
            "y": 1569
        },
        {
            "h": 103.93166396318193,
            "id": 1667242538983,
            "label": "\u09a6\u09bf\u09a8",
            "w": 109.8489740960749,
            "x": 365.51754536004324,
            "y": 66.13833161293395
        },
        {
            "h": 107.08110832570257,
            "id": 1667242542158,
            "label": "\u09b6\u09c7\u09b7\u09c7",
            "w": 145.15757291267036,
            "x": 496.9439965107043,
            "y": 56.68999852537195
        },
        {
            "h": 75.58666470049594,
            "id": 1667242546286,
            "label": "\u099a\u09c7\u09af\u09bc\u09c7",
            "w": 137.31121762009354,
            "x": 959.8789587727342,
            "y": 81.88555342553727
        },
        {
            "h": 81.88555342553727,
            "id": 1667242549814,
            "label": "\u09af\u0996\u09a8",
            "w": 162.81187232096823,
            "x": 1124.6524199168464,
            "y": 75.58666470049593
        },
        {
            "h": 107.08110832570257,
            "id": 1667242552647,
            "label": "\u0997\u09b2\u09cd\u09aa",
            "w": 160.85028349782397,
            "x": 1597.3953262945975,
            "y": 50.391109800330625
        },
        {
            "h": 91.33388651309927,
            "id": 1667242555590,
            "label": "\u09b6\u09cb\u09a8\u09be\u09a4\u09c7",
            "w": 182.4277605524101,
            "x": 1793.5542086090168,
            "y": 62.98888725041328
        },
        {
            "h": 72.4372203379753,
            "id": 1667242560150,
            "label": "\u09a4\u0996\u09a8",
            "w": 139.2728064432378,
            "x": 1199.1927951963257,
            "y": 192.1161061137605
        },
        {
            "h": 75.58666470049597,
            "id": 1667242564566,
            "label": "\u0985\u09a8\u09cd\u09a7\u0995\u09be\u09b0",
            "w": 249.12178053931282,
            "x": 1371.812611633015,
            "y": 188.96666175123983
        },
        {
            "h": 78.7361090630166,
            "id": 1667242570223,
            "label": "\u09b9\u09a4\u09c7",
            "w": 141.23439526638185,
            "x": 1768.0535539081422,
            "y": 270.8522151767771
        },
        {
            "h": 81.88555342553727,
            "id": 1667242573943,
            "label": "\u09a5\u09c7\u0995\u09c7",
            "w": 176.5429940829775,
            "x": 1567.9714939474343,
            "y": 283.44999262685974
        },
        {
            "h": 94.48333087561991,
            "id": 1667242577798,
            "label": "\u099a\u09bf\u09b0\u09c7",
            "w": 154.96551702839113,
            "x": 1356.1199010478615,
            "y": 270.8522151767771
        },
        {
            "h": 97.63277523814058,
            "id": 1667242581887,
            "label": "\u09a8\u09bf\u09b0\u09cd\u099c\u09a8\u09a4\u09be",
            "w": 258.92972465503374,
            "x": 1054.0352222836555,
            "y": 277.15110390181843
        },
        {
            "h": 81.88555342553727,
            "id": 1667242610286,
            "label": "\u09ac\u09a8\u09ad\u09c2\u09ae\u09bf\u09b0",
            "w": 231.46748113101478,
            "x": 771.5664317508915,
            "y": 289.7488813519011
        },
        {
            "h": 78.73610906301656,
            "id": 1667242614878,
            "label": "\u09ae\u09be\u099f\u09bf\u09b0",
            "w": 200.0820599607079,
            "x": 593.0618488447698,
            "y": 387.3816565900417
        },
        {
            "h": 97.63277523814054,
            "id": 1667242619006,
            "label": "\u0989\u09aa\u09b0",
            "w": 160.85028349782408,
            "x": 838.260451737794,
            "y": 381.08276786500033
        },
        {
            "h": 81.88555342553718,
            "id": 1667242630792,
            "label": "\u098f\u09ac\u0982",
            "w": 135.34962879694942,
            "x": 426.3267988775133,
            "y": 481.8649874656616
        },
        {
            "h": 81.88555342553737,
            "id": 1667242637744,
            "label": "\u099c\u09ae\u09c7",
            "w": 170.65822761354488,
            "x": 987.341202296753,
            "y": 488.16387619070287
        },
        {
            "h": 88.18444215057862,
            "id": 1667242641582,
            "label": "\u09a5\u09be\u0995\u09be",
            "w": 160.85028349782374,
            "x": 1189.384851080605,
            "y": 491.31332055322355
        },
        {
            "h": 88.18444215057862,
            "id": 1667242648310,
            "label": "\u09aa\u09c1\u09b0\u09cb\u09a8\u09cb",
            "w": 274.6224352401873,
            "x": 1566.00990512429,
            "y": 481.8649874656616
        },
        {
            "h": 91.33388651309929,
            "id": 1667242653145,
            "label": "\u0997\u09ad\u09c0\u09b0",
            "w": 202.04364878385203,
            "x": 108.54940952815382,
            "y": 563.7505408911989
        },
        {
            "h": 91.3338865130992,
            "id": 1667242668873,
            "label": "\u09ac\u09c3\u09b7\u09cd\u099f\u09bf\u09a4\u09c7",
            "w": 237.3522476004476,
            "x": 867.684284084957,
            "y": 592.0955401538848
        },
        {
            "h": 97.63277523814062,
            "id": 1667242676033,
            "label": "\u09b0\u0999\u09a7\u09a8\u09c1",
            "w": 190.27411584498685,
            "x": 106.58782070500963,
            "y": 677.1305379419427
        },
        {
            "h": 94.48333087561996,
            "id": 1667242679033,
            "label": "\u098f\u09a8\u09c7",
            "w": 127.5032735043726,
            "x": 324.3241800740152,
            "y": 683.429426666984
        },
        {
            "h": 97.63277523814054,
            "id": 1667242681858,
            "label": "\u09a6\u09c7\u09af\u09bc",
            "w": 129.46486232751676,
            "x": 487.1360523949833,
            "y": 670.8316492169015
        },
        {
            "h": 85.03499778805795,
            "id": 1667242689658,
            "label": "\u09aa\u09b0\u09bf\u09aa\u09c2\u09b0\u09cd\u09a3",
            "w": 274.6224352401873,
            "x": 1464.0072863207922,
            "y": 818.8555342553725
        },
        {
            "h": 91.33388651309947,
            "id": 1667242694546,
            "label": "\u09a8\u09be\u09a8\u09be",
            "w": 164.77346114411228,
            "x": 96.77987658928865,
            "y": 966.8794192938437
        },
        {
            "h": 88.18444215057862,
            "id": 1667242697698,
            "label": "\u09b0\u0999\u09c7\u09b0",
            "w": 158.88869467467973,
            "x": 287.0539924342755,
            "y": 970.0288636563646
        },
        {
            "h": 91.3338865130991,
            "id": 1667242702826,
            "label": "\u09b6\u0999\u09cd\u0995\u09be\u09b0",
            "w": 268.7376687707547,
            "x": 1393.3900886876008,
            "y": 941.6838643936785
        },
        {
            "h": 107.08110832570264,
            "id": 1667242706298,
            "label": "\u0995\u09be\u09b0\u09a3",
            "w": 196.15888231441937,
            "x": 1683.7052345129418,
            "y": 919.6377538560339
        },
        {
            "h": 81.88555342553727,
            "id": 1667242711626,
            "label": "\u09b2\u09a3\u09cd\u09a1\u09ad\u09a3\u09cd\u09a1",
            "w": 241.27542524673592,
            "x": 106.58782070500963,
            "y": 1083.4088607071085
        },
        {
            "h": 75.58666470049575,
            "id": 1667242721489,
            "label": "\u0995\u09cd\u09b7\u09bf\u09aa\u09cd\u09a4",
            "w": 200.0820599607079,
            "x": 1279.6179369452377,
            "y": 1058.2133058069433
        },
        {
            "h": 78.7361090630166,
            "id": 1667242724951,
            "label": "\u09b9\u09b2\u09c7",
            "w": 164.7734611441125,
            "x": 1507.1622404299642,
            "y": 1051.9144170819018
        },
        {
            "h": 94.48333087561996,
            "id": 1667242729286,
            "label": "\u09ac\u09bf\u099c\u09cd\u099e\u099c\u09a8\u09c7",
            "w": 296.19991229477336,
            "x": 259.5917489102568,
            "y": 1171.593302857687
        },
        {
            "h": 91.33388651309929,
            "id": 1667242739318,
            "label": "\u09aa\u09c2\u09b0\u09cd\u09ac",
            "w": 127.5032735043726,
            "x": 736.257832934296,
            "y": 1288.1227442709514
        },
        {
            "h": 110.23055268822314,
            "id": 1667242742118,
            "label": "\u09a6\u09bf\u0995\u09c7",
            "w": 164.7734611441124,
            "x": 897.1081164321199,
            "y": 1275.524966820869
        },
        {
            "h": 103.93166396318215,
            "id": 1667242744438,
            "label": "\u09b9\u09a0\u09be\u09ce",
            "w": 147.11916173581469,
            "x": 1103.0749428622603,
            "y": 1269.2260780958275
        },
        {
            "h": 91.3338865130991,
            "id": 1667242747462,
            "label": "\u099d\u09a1\u09bc",
            "w": 117.69594314287777,
            "x": 1326.6957618235851,
            "y": 1278.6744111833896
        },
        {
            "h": 72.43722033797508,
            "id": 1667242754502,
            "label": "\u09a6\u09c7\u0996\u09cb",
            "w": 186.3509381986985,
            "x": 385.1334335914852,
            "y": 1499.135516559836
        },
        {
            "h": 91.33388651309929,
            "id": 1667242758095,
            "label": "\u09a5\u09c7\u09ae\u09c7",
            "w": 174.58140525983322,
            "x": 612.6777370762118,
            "y": 1486.5377391097534
        },
        {
            "h": 69.2877759754546,
            "id": 1667242770406,
            "label": "\u0996\u09c7\u09af\u09bc\u09be",
            "w": 188.3125270218425,
            "x": 1395.3516775107455,
            "y": 1477.0894060221915
        },
        {
            "h": 97.63277523814081,
            "id": 1667242774838,
            "label": "\u09a6\u09c1\u0983\u0996",
            "w": 154.96551702839136,
            "x": 1201.1543840194702,
            "y": 1568.4232925352906
        },
        {
            "h": 88.18444215057862,
            "id": 1667242777063,
            "label": "\u09b8\u09c1\u0996",
            "w": 117.69532938865167,
            "x": 1040.3041005216462,
            "y": 1587.3199587104145
        },
        {
            "h": 100.78221960066094,
            "id": 1667242780815,
            "label": "\u0985\u0982\u09b6\u09c1\u09ae\u09be\u09a8",
            "w": 266.7760799476104,
            "x": 740.1810105805844,
            "y": 1596.7682917979766
        },
        {
            "h": 107.08110832570264,
            "id": 1667242784886,
            "label": "\u0986\u09b2\u09cb\u09af\u09bc",
            "w": 235.3906587773033,
            "x": 485.1744635718391,
            "y": 1599.9177361604973
        },
        {
            "h": 97.63277523814062,
            "id": 1667242799950,
            "label": "\u099a\u09be\u0981\u09a6",
            "w": 133.3880399738052,
            "x": 322.362591250871,
            "y": 1584.170514347894
        },
        {
            "h": 94.48333087562014,
            "id": 1667242803551,
            "label": "\u098b\u09a4\u09c1\u09a4\u09c7",
            "w": 215.7747705458614,
            "x": 94.81828776614446,
            "y": 1590.4694030729352
        },
        {
            "h": 69.28777597545441,
            "id": 1667242819679,
            "label": "\u099c\u09b2\u09c7\u09a4\u09c7",
            "w": 247.16019171616855,
            "x": 534.214184150444,
            "y": 1722.7460662988035
        },
        {
            "h": 78.7361090630166,
            "id": 1667242822334,
            "label": "\u0988\u09b6\u09cd\u09ac\u09b0",
            "w": 178.50458290612156,
            "x": 822.5677411526407,
            "y": 1713.2977332112412
        },
        {
            "h": 94.48333087561979,
            "id": 1667242824887,
            "label": "\u09ae\u09c7\u099f\u09be\u09af\u09bc",
            "w": 221.65953701529384,
            "x": 1256.0788710675074,
            "y": 1681.8032895860345
        },
        {
            "h": 107.08110832570283,
            "id": 1667242831078,
            "label": "\u098b\u09a4\u09c1\u09a4\u09c7",
            "w": 194.19729349127513,
            "x": 1709.2058892138161,
            "y": 1659.75717904839
        },
        {
            "h": 100.78221960066148,
            "id": 1667242839359,
            "label": "\u09b8\u09c7\u0987",
            "w": 139.27280644323758,
            "x": 1522.854951015118,
            "y": 1662.9066234109105
        },
        {
            "h": 100.78221960066148,
            "id": 1667242843735,
            "label": "\u099c\u09c0\u09ac\u0995\u09c1\u09b2\u09c7",
            "w": 284.43037935590814,
            "x": 328.2473577203037,
            "y": 1810.9305084493815
        },
        {
            "h": 107.08110832570246,
            "id": 1667242850999,
            "label": "\u09ac\u09bf\u09a8\u09be\u09b6",
            "w": 217.73635936900553,
            "x": 649.9479247159514,
            "y": 1804.6316197243405
        },
        {
            "h": 88.18444215057843,
            "id": 1667242853823,
            "label": "\u09b0\u09cb\u0997",
            "w": 213.8131817227172,
            "x": 1150.153074617721,
            "y": 1801.48217536182
        },
        {
            "h": 85.03499778805795,
            "id": 1667242856711,
            "label": "\u09af\u09a6\u09bf",
            "w": 149.08075055895875,
            "x": 1391.4284998644569,
            "y": 1788.8843979117369
        },
        {
            "h": 103.93166396318198,
            "id": 1667242859455,
            "label": "\u09a6\u09c7\u09b9",
            "w": 135.34962879694947,
            "x": 1579.7410268862996,
            "y": 1785.7349535492165
        },
        {
            "h": 78.7361090630166,
            "id": 1667242863047,
            "label": "\u09ae\u09a8\u09c7",
            "w": 125.54168468122842,
            "x": 98.74146541243285,
            "y": 1927.4599498626465
        },
        {
            "h": 107.08110832570246,
            "id": 1667242866663,
            "label": "\u0997\u09bf\u09af\u09bc\u09c7",
            "w": 178.50458290612167,
            "x": 269.3996930259778,
            "y": 1921.1610611376052
        },
        {
            "h": 94.48333087561979,
            "id": 1667242873631,
            "label": "\u0994\u09b7\u09a7\u09c7\u09b0",
            "w": 260.8913134781778,
            "x": 691.1412900019795,
            "y": 1924.3105055001256
        },
        {
            "h": 81.8855534255371,
            "id": 1667242876815,
            "label": "\u09b8\u09be\u09a7\u09cd\u09af",
            "w": 166.73504996725657,
            "x": 999.1107352356181,
            "y": 1921.1610611376052
        },
        {
            "h": 107.08110832570246,
            "id": 1667242879630,
            "label": "\u0995\u09c0",
            "w": 98.0794411572098,
            "x": 1205.0775616657584,
            "y": 1902.2643949624812
        },
        {
            "h": 91.33388651309929,
            "id": 1667243029856,
            "label": "\u09a6\u09c1\u0983\u0996",
            "w": 145.1575729126703,
            "x": 330.20894654344784,
            "y": 579.4977627038022
        },
        {
            "h": 81.8855534255371,
            "id": 1667243263791,
            "label": "\u09ac\u09cd\u09b0\u09a4\u09c0",
            "w": 149.08075055895887,
            "x": 818.6445635063521,
            "y": 872.3960884182239
        },
        {
            "h": 91.33388651309929,
            "id": 1667243349783,
            "label": "\u09ac\u09b2\u09c7",
            "w": 125.54168468122832,
            "x": 591.1002600216257,
            "y": 1187.3405246702903
        },
        {
            "h": 69.28777597545476,
            "id": 1667243385288,
            "label": "\u09ad\u09be\u09ac\u09c7",
            "w": 151.04233938210302,
            "x": 916.7240046635619,
            "y": 1190.489969032811
        },
        {
            "h": 91.33388651309947,
            "id": 1667243445788,
            "label": "\u0989\u09a0\u09c7",
            "w": 147.11916173581446,
            "x": 1471.8536416133688,
            "y": 1253.478856283224
        },
        {
            "h": 75.58666470049575,
            "id": 1667243486516,
            "label": "\u09a8\u09be\u09ae\u09c7",
            "w": 147.11916173581457,
            "x": 751.9505435194496,
            "y": 1398.3532969591747
        },
        {
            "h": 81.88555342553727,
            "id": 1667243497590,
            "label": "\u09ae\u09be\u09a0\u09c7",
            "w": 147.11916173581457,
            "x": 934.3783040718596,
            "y": 1398.3532969591747
        },
        {
            "h": 85.03499778805795,
            "id": 1667243740832,
            "label": "\u09a7\u09b0\u09c7",
            "w": 154.96551702839142,
            "x": 491.05923004127175,
            "y": 1930.609394225167
        },
        {
            "h": 88.18444215057879,
            "id": 1667243744495,
            "label": "\u09ac\u09be",
            "w": 70.61719763319083,
            "x": 1338.4656016395636,
            "y": 1914.8621724125635
        }
    ],
    "file": "KhadijaAkhter210626_1.jpg"
}