{
    "boxes": [
        {
            "h": 80,
            "id": 70,
            "label": "\u099b\u09be\u09af\u09bc\u09be",
            "w": 136.79050526639676,
            "x": 61.29968265980095,
            "y": 1935
        },
        {
            "h": 78,
            "id": 6,
            "label": "\u099b\u09c7\u09a1\u09bc\u09c7",
            "w": 198,
            "x": 7,
            "y": 2588
        },
        {
            "h": 78,
            "id": 98,
            "label": "\u09ae\u09c7\u09b2\u09c7",
            "w": 194,
            "x": 15,
            "y": 1624
        },
        {
            "h": 81,
            "id": 112,
            "label": "\u09b9\u09ac\u09c7",
            "w": 143,
            "x": 28,
            "y": 1478
        },
        {
            "h": 63,
            "id": 140,
            "label": "\u09a8\u09be\u09a8\u09be",
            "w": 148,
            "x": 37,
            "y": 1208
        },
        {
            "h": 89,
            "id": 181,
            "label": "\u099d\u09b0\u09c7",
            "w": 147,
            "x": 38,
            "y": 635
        },
        {
            "h": 108,
            "id": 166,
            "label": "\u099c\u09c0\u09ac\u09a8\u09c7",
            "w": 169,
            "x": 44,
            "y": 876
        },
        {
            "h": 80,
            "id": 222,
            "label": "\u0985\u09a8\u09cd\u09a7\u0995\u09be\u09b0",
            "w": 245,
            "x": 54,
            "y": 362
        },
        {
            "h": 65,
            "id": 235,
            "label": "\u0997\u09b2\u09cd\u09aa",
            "w": 167,
            "x": 60,
            "y": 229
        },
        {
            "h": 111.80438137898207,
            "id": 245,
            "label": "\u09ac\u09b0\u09cd\u09b7\u09be\u09ae\u09c1\u0996\u09b0",
            "w": 299,
            "x": 91.59324705733233,
            "y": 80.6289123654813
        },
        {
            "h": 89,
            "id": 3,
            "label": "\u0995\u09b0\u09c7",
            "w": 158,
            "x": 231,
            "y": 2741
        },
        {
            "h": 74,
            "id": 204,
            "label": "\u09a5\u09c7\u0995\u09c7",
            "w": 169,
            "x": 246,
            "y": 498
        },
        {
            "h": 80,
            "id": 141,
            "label": "\u09b0\u0999\u09c7\u09b0",
            "w": 163,
            "x": 248,
            "y": 1206
        },
        {
            "h": 82,
            "id": 7,
            "label": "\u09ae\u09a8\u09c7",
            "w": 161,
            "x": 256,
            "y": 2574
        },
        {
            "h": 77,
            "id": 184,
            "label": "\u09aa\u09a1\u09bc\u09c7",
            "w": 123,
            "x": 263,
            "y": 627
        },
        {
            "h": 84,
            "id": 233,
            "label": "\u09b6\u09cb\u09a8\u09be\u09a4\u09c7",
            "w": 251,
            "x": 266,
            "y": 241
        },
        {
            "h": 92,
            "id": 73,
            "label": "\u0990",
            "w": 71,
            "x": 289,
            "y": 1897
        },
        {
            "h": 74,
            "id": 127,
            "label": "\u09b9\u09df\u09c7",
            "w": 145,
            "x": 294,
            "y": 1347
        },
        {
            "h": 110,
            "id": 176,
            "label": "\u0997\u09ad\u09c0\u09b0",
            "w": 157,
            "x": 334,
            "y": 734
        },
        {
            "h": 82,
            "id": 154,
            "label": "\u099a\u099e\u09cd\u099a\u09b2\u09a4\u09be",
            "w": 231,
            "x": 345,
            "y": 1073
        },
        {
            "h": 82,
            "id": 37,
            "label": "\u09af\u09c7",
            "w": 123,
            "x": 416,
            "y": 2223
        },
        {
            "h": 79,
            "id": 71,
            "label": "\u09a6\u09c7\u0996\u09cb",
            "w": 155,
            "x": 421,
            "y": 1913
        },
        {
            "h": 137,
            "id": 189,
            "label": "\u0994\u09a6\u09be\u09b8\u09c0\u09a8\u09cd\u09af\u09c7",
            "w": 253,
            "x": 450,
            "y": 594
        },
        {
            "h": 72,
            "id": 198,
            "label": "\u09b9\u09a4\u09c7",
            "w": 124,
            "x": 452,
            "y": 510
        },
        {
            "h": 101,
            "id": 9,
            "label": "\u0997\u09bf\u09af\u09bc\u09c7",
            "w": 145,
            "x": 469,
            "y": 2546
        },
        {
            "h": 84,
            "id": 147,
            "label": "\u09ab\u09c1\u09b2\u09c7",
            "w": 157,
            "x": 474,
            "y": 1197
        },
        {
            "h": 73,
            "id": 163,
            "label": "\u098f\u09a8\u09c7",
            "w": 110,
            "x": 518,
            "y": 895
        },
        {
            "h": 84,
            "id": 170,
            "label": "\u09a6\u09c1\u0983\u0996",
            "w": 143,
            "x": 553,
            "y": 770
        },
        {
            "h": 98,
            "id": 108,
            "label": "\u0989\u09a4\u09cd\u09a4\u09b0",
            "w": 208,
            "x": 568,
            "y": 1581
        },
        {
            "h": 78,
            "id": 155,
            "label": "\u09ac\u09a8\u09cd\u09a7\u09c7",
            "w": 145,
            "x": 620,
            "y": 1072
        },
        {
            "h": 78,
            "id": 72,
            "label": "\u09a5\u09c7\u09ae\u09c7",
            "w": 189,
            "x": 624,
            "y": 1897
        },
        {
            "h": 78,
            "id": 242,
            "label": "\u09b6\u09c7\u09b7\u09c7",
            "w": 172,
            "x": 635,
            "y": 125
        },
        {
            "h": 109,
            "id": 137,
            "label": "\u09a7\u09b0\u09be\u09b0",
            "w": 196,
            "x": 667,
            "y": 1307
        },
        {
            "h": 70,
            "id": 164,
            "label": "\u09a6\u09c7\u09af\u09bc",
            "w": 129,
            "x": 670,
            "y": 891
        },
        {
            "h": 114,
            "id": 148,
            "label": "\u0995\u09c1\u099c\u09cd\u099d\u099f\u09bf\u0995\u09be",
            "w": 276,
            "x": 729,
            "y": 1177
        },
        {
            "h": 74,
            "id": 172,
            "label": "\u09af\u09c7\u09a8",
            "w": 162,
            "x": 734,
            "y": 758
        },
        {
            "h": 63,
            "id": 230,
            "label": "\u0993\u09b8\u09ae\u09be\u09a8",
            "w": 203,
            "x": 735,
            "y": 245
        },
        {
            "h": 94,
            "id": 93,
            "label": "\u09ae\u09be\u09a0\u09c7",
            "w": 131,
            "x": 739,
            "y": 1738
        },
        {
            "h": 70,
            "id": 113,
            "label": "\u09b6\u09be\u09a8\u09cd\u09a4",
            "w": 139,
            "x": 780,
            "y": 1475
        },
        {
            "h": 111,
            "id": 159,
            "label": "\u09ac\u09cd\u09b0\u09a4\u09c0",
            "w": 121,
            "x": 820,
            "y": 1034
        },
        {
            "h": 128,
            "id": 109,
            "label": "\u09aa\u09c2\u09b0\u09cd\u09ac",
            "w": 108,
            "x": 825,
            "y": 1572
        },
        {
            "h": 73,
            "id": 76,
            "label": "\u0997\u09c7\u099b\u09c7",
            "w": 204,
            "x": 854,
            "y": 1889
        },
        {
            "h": 69,
            "id": 195,
            "label": "\u09a1\u09be\u0995",
            "w": 131,
            "x": 887,
            "y": 513
        },
        {
            "h": 82,
            "id": 217,
            "label": "\u09b8\u09ac\u09c1\u099c\u09c7",
            "w": 172,
            "x": 898,
            "y": 372
        },
        {
            "h": 71,
            "id": 131,
            "label": "\u0985\u0999\u09cd\u0997\u09a8",
            "w": 219,
            "x": 917,
            "y": 1337
        },
        {
            "h": 99,
            "id": 187,
            "label": "\u09a4\u09be\u09b0\u0987",
            "w": 136,
            "x": 954,
            "y": 604
        },
        {
            "h": 75,
            "id": 120,
            "label": "\u09b9\u09ac\u09c7",
            "w": 111,
            "x": 957,
            "y": 1465
        },
        {
            "h": 101,
            "id": 174,
            "label": "\u09b9\u09a0\u09be\u09ce",
            "w": 136,
            "x": 963,
            "y": 741
        },
        {
            "h": 82,
            "id": 153,
            "label": "\u09b9\u09b2\u09c7",
            "w": 112,
            "x": 1004,
            "y": 1074
        },
        {
            "h": 96,
            "id": 145,
            "label": "\u09aa\u09cd\u09b0\u09ad\u099e\u09cd\u099c\u09a8",
            "w": 213,
            "x": 1078,
            "y": 1199
        },
        {
            "h": 100,
            "id": 224,
            "label": "\u098b\u09a6\u09cd\u09a7",
            "w": 138,
            "x": 1109,
            "y": 359
        },
        {
            "h": 105,
            "id": 188,
            "label": "\u09ab\u09be\u0981\u0995\u09c7",
            "w": 151,
            "x": 1142,
            "y": 601
        },
        {
            "h": 58,
            "id": 121,
            "label": "\u098f",
            "w": 59,
            "x": 1154,
            "y": 1464
        },
        {
            "h": 74,
            "id": 92,
            "label": "\u0986\u0995\u09be\u09b6\u09c7",
            "w": 325,
            "x": 1157,
            "y": 1741
        },
        {
            "h": 115,
            "id": 173,
            "label": "\u09ac\u09c3\u09b7\u09cd\u099f\u09bf\u09a4\u09c7",
            "w": 216,
            "x": 1159,
            "y": 743
        },
        {
            "h": 109,
            "id": 157,
            "label": "\u099c\u09c0\u09ac\u09a8",
            "w": 194,
            "x": 1161,
            "y": 1043
        },
        {
            "h": 77,
            "id": 105,
            "label": "\u09b9\u09a0\u09be\u09ce",
            "w": 184.52710327105268,
            "x": 1167.71112482947,
            "y": 1600.2344484725136
        },
        {
            "h": 76,
            "id": 241,
            "label": "\u099a\u09c7\u09af\u09bc\u09c7",
            "w": 149,
            "x": 1182,
            "y": 130
        },
        {
            "h": 139,
            "id": 16,
            "label": "\u09b8\u09be\u09a7\u09cd\u09af",
            "w": 183,
            "x": 1192,
            "y": 2490
        },
        {
            "h": 104,
            "id": 234,
            "label": "\u0988\u09b7\u09be\u09a8",
            "w": 176,
            "x": 1264,
            "y": 229
        },
        {
            "h": 102,
            "id": 207,
            "label": "\u0989\u09aa\u09b0",
            "w": 157,
            "x": 1284,
            "y": 481
        },
        {
            "h": 106,
            "id": 221,
            "label": "\u09ac\u09a8\u09ad\u09c2\u09ae\u09bf\u09b0",
            "w": 211.39228115102117,
            "x": 1324.965030004151,
            "y": 358.76555152748637
        },
        {
            "h": 73,
            "id": 143,
            "label": "\u09b6\u0999\u09cd\u0995\u09be\u09b0",
            "w": 213,
            "x": 1346,
            "y": 1200
        },
        {
            "h": 68,
            "id": 180,
            "label": "\u099c\u09ae\u09c7",
            "w": 150,
            "x": 1348,
            "y": 638
        },
        {
            "h": 70,
            "id": 240,
            "label": "\u09af\u0996\u09a8",
            "w": 161,
            "x": 1359,
            "y": 130
        },
        {
            "h": 111,
            "id": 45,
            "label": "\u09ae\u09c7\u099f\u09be\u09af\u09bc",
            "w": 228,
            "x": 1371,
            "y": 2160
        },
        {
            "h": 64,
            "id": 102,
            "label": "\u099d\u09a1\u09bc",
            "w": 139,
            "x": 1382,
            "y": 1605
        },
        {
            "h": 123,
            "id": 15,
            "label": "\u0995\u09c0",
            "w": 112,
            "x": 1400,
            "y": 2490
        },
        {
            "h": 110,
            "id": 175,
            "label": "\u09a7\u09c1\u09af\u09bc\u09c7",
            "w": 146,
            "x": 1404,
            "y": 735
        },
        {
            "h": 121,
            "id": 158,
            "label": "\u09aa\u09b0\u09bf\u09aa\u09c2\u09b0\u09cd\u09a3",
            "w": 214,
            "x": 1420,
            "y": 1041
        },
        {
            "h": 75,
            "id": 134,
            "label": "\u09b9\u09b2\u09c7",
            "w": 118,
            "x": 1451,
            "y": 1326
        },
        {
            "h": 78,
            "id": 226,
            "label": "\u0995\u09cb\u09a3\u09c7",
            "w": 196,
            "x": 1463,
            "y": 254
        },
        {
            "h": 78,
            "id": 79,
            "label": "\u0996\u09c7\u09af\u09bc\u09be",
            "w": 164,
            "x": 1466,
            "y": 1881
        },
        {
            "h": 98,
            "id": 30,
            "label": "\u09af\u09a6\u09bf",
            "w": 129,
            "x": 1481,
            "y": 2334
        },
        {
            "h": 83,
            "id": 94,
            "label": "\u09b8\u09a8\u09cd\u09a7\u09cd\u09af\u09be\u09b0",
            "w": 249,
            "x": 1508,
            "y": 1736
        },
        {
            "h": 86,
            "id": 11,
            "label": "\u09ac\u09be",
            "w": 70,
            "x": 1532,
            "y": 2527
        },
        {
            "h": 74,
            "id": 185,
            "label": "\u09a5\u09be\u0995\u09be",
            "w": 169,
            "x": 1564,
            "y": 626
        },
        {
            "h": 96,
            "id": 110,
            "label": "\u0989\u09a0\u09c7",
            "w": 132,
            "x": 1565,
            "y": 1567
        },
        {
            "h": 115,
            "id": 123,
            "label": "\u09ac\u09be\u099e\u09cd\u099b\u09bf\u09a4\u09ab\u09b2",
            "w": 324,
            "x": 1571,
            "y": 1439
        },
        {
            "h": 72,
            "id": 239,
            "label": "\u0986\u09b7\u09be\u09a2\u09bc\u09c7",
            "w": 195,
            "x": 1573,
            "y": 131
        },
        {
            "h": 82,
            "id": 171,
            "label": "\u09ae\u09c1\u099b\u09c7",
            "w": 144,
            "x": 1586,
            "y": 761
        },
        {
            "h": 79,
            "id": 10,
            "label": "\u09a4\u09be\u09b0\u09c7",
            "w": 191,
            "x": 1628,
            "y": 2531
        },
        {
            "h": 117,
            "id": 46,
            "label": "\u09b8\u09c7\u0987",
            "w": 186,
            "x": 1629,
            "y": 2150
        },
        {
            "h": 77,
            "id": 28,
            "label": "\u09a6\u09c7\u09b9",
            "w": 191,
            "x": 1654,
            "y": 2358
        },
        {
            "h": 69,
            "id": 156,
            "label": "\u09b9\u09ac\u09c7",
            "w": 150,
            "x": 1663,
            "y": 1062
        },
        {
            "h": 67,
            "id": 228,
            "label": "\u09a4\u0996\u09a8",
            "w": 132,
            "x": 1682,
            "y": 248
        },
        {
            "h": 77,
            "id": 106,
            "label": "\u0997\u0997\u09a8",
            "w": 193,
            "x": 1719,
            "y": 1592
        },
        {
            "h": 68,
            "id": 203,
            "label": "\u09aa\u09be\u09a4\u09be",
            "w": 154,
            "x": 1722,
            "y": 501
        },
        {
            "h": 83,
            "id": 186,
            "label": "\u09a2\u09c7\u09b0",
            "w": 99,
            "x": 1745,
            "y": 622
        },
        {
            "h": 146,
            "id": 178,
            "label": "\u09a7\u09c2\u09b8\u09b0",
            "w": 117,
            "x": 1769,
            "y": 728
        },
        {
            "h": 135.5023511204421,
            "id": 1667241317856,
            "label": "\u09a6\u09bf\u09a8",
            "w": 134.78013526764946,
            "x": 452.4388685453627,
            "y": 50.81338167016579
        },
        {
            "h": 169.3779389005526,
            "id": 1667241324984,
            "label": "\u098a\u09b0\u09cd\u09a6\u09cd\u09a7\u09aa\u09be\u09a8\u09c7",
            "w": 258.17039994930053,
            "x": 868.1691449343097,
            "y": 33.87558778011053
        },
        {
            "h": 114.33010875787303,
            "id": 1667241335744,
            "label": "\u09ad\u09c1\u0981\u0987\u099e\u09be",
            "w": 205.0176705479738,
            "x": 985.8644743229613,
            "y": 220.19132057071843
        },
        {
            "h": 97.39231486781779,
            "id": 1667241351815,
            "label": "\u09ac\u09b8\u09c7",
            "w": 142.37338232498186,
            "x": 530.2696508830194,
            "y": 220.19132057071843
        },
        {
            "h": 118.56455723038688,
            "id": 1667241366743,
            "label": "\u09ae\u09c7\u0998\u09c7\u09b0",
            "w": 186.03455290464296,
            "x": 374.60808620770587,
            "y": 342.99032627361913
        },
        {
            "h": 110.09566028535917,
            "id": 1667241381550,
            "label": "\u0986\u09a1\u09bc\u09ae\u09cd\u09ac\u09b0",
            "w": 212.61091760530627,
            "x": 619.4903038066747,
            "y": 342.99032627361913
        },
        {
            "h": 122.79900570290071,
            "id": 1667241406089,
            "label": "\u09a8\u09bf\u09b0\u09cd\u099c\u09a8\u09a4\u09be",
            "w": 231.5940352486371,
            "x": 1580.0360565592189,
            "y": 338.75587780110527
        },
        {
            "h": 118.56455723038682,
            "id": 1667241413047,
            "label": "\u099a\u09bf\u09b0\u09c7",
            "w": 148.06831761798114,
            "x": 53.79339803541346,
            "y": 457.3204350314922
        },
        {
            "h": 122.79900570290064,
            "id": 1667241419263,
            "label": "\u0990\u09b0\u09be\u09ac\u09a4\u09c7\u09b0",
            "w": 222.1024764269718,
            "x": 602.4054979276768,
            "y": 461.554883504006
        },
        {
            "h": 105.86121181284541,
            "id": 1667241426159,
            "label": "\u09ae\u09be\u099f\u09bf\u09b0",
            "w": 176.54299408297732,
            "x": 1073.1868154822835,
            "y": 478.4926773940612
        },
        {
            "h": 114.33010875787299,
            "id": 1667241431623,
            "label": "\u09b6\u09c1\u0995\u09a8\u09cb",
            "w": 222.10247642697146,
            "x": 1473.7305977565659,
            "y": 486.9615743390888
        },
        {
            "h": 101.6267633403317,
            "id": 1667241437631,
            "label": "\u098f\u09ac\u0982",
            "w": 123.3902646816509,
            "x": 780.8468037749875,
            "y": 597.057234624448
        },
        {
            "h": 127.03345417541453,
            "id": 1667241443447,
            "label": "\u09aa\u09c1\u09b0\u09cb\u09a8\u09cb",
            "w": 203.11935878364076,
            "x": 38.60690392074873,
            "y": 732.5595857448902
        },
        {
            "h": 114.33010875787306,
            "id": 1667241449895,
            "label": "\u09b0\u0999\u09a7\u09a8\u09c1",
            "w": 193.6277999619753,
            "x": 273.99756269805204,
            "y": 880.7652822828737
        },
        {
            "h": 143.97124806546984,
            "id": 1667241455623,
            "label": "\u09b9\u09c3\u09a6\u09af\u09bc\u09c7\u09b0",
            "w": 214.5092293696393,
            "x": 29.115345099083275,
            "y": 1024.7365303483434
        },
        {
            "h": 127.03345417541429,
            "id": 1667241472127,
            "label": "\u0995\u09be\u09b0\u09a3",
            "w": 210.71260584097288,
            "x": 1593.3242389095508,
            "y": 1172.942226886327
        },
        {
            "h": 122.79900570290047,
            "id": 1667241479575,
            "label": "\u09b2\u09a3\u09cd\u09a1\u09ad\u09a3\u09cd\u09a1",
            "w": 218.30585289830552,
            "x": 23.420409806084,
            "y": 1316.913474951797
        },
        {
            "h": 110.09566028535923,
            "id": 1667241483038,
            "label": "\u09af\u09be\u09af\u09bc",
            "w": 130.98351173898337,
            "x": 482.8118567746921,
            "y": 1316.913474951797
        },
        {
            "h": 139.73679959295578,
            "id": 1667241494544,
            "label": "\u0995\u09cd\u09b7\u09bf\u09aa\u09cd\u09a4",
            "w": 184.13624114030978,
            "x": 1240.2382507435957,
            "y": 1299.9756810617419
        },
        {
            "h": 93.15786639530417,
            "id": 1667241504792,
            "label": "\u09b8\u09be\u0999\u09cd\u0997",
            "w": 186.03455290464296,
            "x": 1606.6124212598822,
            "y": 1312.6790264792828
        },
        {
            "h": 114.33010875787306,
            "id": 1667241515375,
            "label": "\u09ac\u09bf\u099c\u09cd\u099e\u099c\u09a8\u09c7",
            "w": 267.66195877096584,
            "x": 230.33639211839096,
            "y": 1460.8847230172667
        },
        {
            "h": 93.15786639530393,
            "id": 1667241518503,
            "label": "\u09ac\u09b2\u09c7",
            "w": 134.7801352676495,
            "x": 573.9308214626805,
            "y": 1456.6502745447528
        },
        {
            "h": 101.62676334033182,
            "id": 1667241523751,
            "label": "\u09ac\u09cd\u09b0\u09b9\u09cd\u09ae\u09be\u09a3\u09cd\u09a1\u09c7",
            "w": 244.88221759896888,
            "x": 1263.0179919155926,
            "y": 1452.4158260722388
        },
        {
            "h": 143.9712480654696,
            "id": 1667241527415,
            "label": "\u09b6\u09cd\u09b0\u09be\u09ac\u09a8\u09c7",
            "w": 227.79741171997097,
            "x": 294.87899210571607,
            "y": 1583.6837287201672
        },
        {
            "h": 131.26790264792837,
            "id": 1667241531015,
            "label": "\u09a6\u09bf\u0995\u09c7",
            "w": 155.6615646753135,
            "x": 968.7796684439635,
            "y": 1562.5114863575982
        },
        {
            "h": 148.20569653798367,
            "id": 1667241537223,
            "label": "\u09ae\u09c7\u0998\u09c7\u09a4\u09c7",
            "w": 229.69572348430407,
            "x": 38.60690392074873,
            "y": 1731.8894252581506
        },
        {
            "h": 122.79900570290047,
            "id": 1667241539655,
            "label": "\u09ac\u09c3\u09b7\u09cd\u099f\u09bf",
            "w": 146.17000585364798,
            "x": 308.1671744560477,
            "y": 1744.5927706756925
        },
        {
            "h": 114.33010875787282,
            "id": 1667241542095,
            "label": "\u09a8\u09be\u09ae\u09c7",
            "w": 151.86494114664728,
            "x": 507.48990971102234,
            "y": 1740.3583222031787
        },
        {
            "h": 110.09566028535923,
            "id": 1667241551175,
            "label": "\u09aa\u09be\u09b0\u09be\u09aa\u09be\u09b0\u09c7",
            "w": 298.0349470002953,
            "x": 1095.9665566542808,
            "y": 1875.8606733236206
        },
        {
            "h": 127.03345417541453,
            "id": 1667241555951,
            "label": "\u09b6\u09b0\u09ce",
            "w": 205.0176705479738,
            "x": 1674.9516447758735,
            "y": 1850.4539824885378
        },
        {
            "h": 152.44014501049702,
            "id": 1667241560743,
            "label": "\u098b\u09a4\u09c1\u09a4\u09c7",
            "w": 208.8142940766401,
            "x": 19.623786277417818,
            "y": 2041.0041637516595
        },
        {
            "h": 139.736799592956,
            "id": 1667241563655,
            "label": "\u099a\u09be\u0981\u09a6",
            "w": 146.17000585364804,
            "x": 287.2857450483837,
            "y": 2032.5352668066316
        },
        {
            "h": 148.20569653798367,
            "id": 1667241566615,
            "label": "\u0986\u09b2\u09cb\u09af\u09bc",
            "w": 271.45858229963204,
            "x": 494.20172736069065,
            "y": 2019.8319213890904
        },
        {
            "h": 165.14349042803872,
            "id": 1667241570775,
            "label": "\u0985\u0982\u09b6\u09c1\u09ae\u09be\u09a8",
            "w": 301.8315705289614,
            "x": 841.5927802336464,
            "y": 1998.6596790265212
        },
        {
            "h": 152.44014501049725,
            "id": 1667241574703,
            "label": "\u09b8\u09c1\u0996",
            "w": 146.1700058536481,
            "x": 1188.9838331066019,
            "y": 1998.6596790265212
        },
        {
            "h": 127.03345417541453,
            "id": 1667241578375,
            "label": "\u09a6\u09c1\u0983\u0996",
            "w": 163.25481173264598,
            "x": 1363.6285154252464,
            "y": 2002.8941274990348
        },
        {
            "h": 127.03345417541453,
            "id": 1667241582423,
            "label": "\u09aa\u09be\u09b6\u09be\u09aa\u09be\u09b6\u09bf",
            "w": 347.3910528729555,
            "x": 1578.137744794886,
            "y": 2007.1285759715486
        },
        {
            "h": 131.26790264792837,
            "id": 1667241586415,
            "label": "\u0985\u09ac\u09b8\u09cd\u09a5\u09be\u09a8",
            "w": 280.9237065679108,
            "x": 19.637003554111324,
            "y": 2206.147654179699
        },
        {
            "h": 131.26790264792837,
            "id": 1667241591135,
            "label": "\u099c\u09b2\u09c7\u09a4\u09c7",
            "w": 250.57715289196807,
            "x": 592.9139391060114,
            "y": 2193.4443087621567
        },
        {
            "h": 135.50235112044243,
            "id": 1667241598760,
            "label": "\u0988\u09b6\u09cd\u09ac\u09b0",
            "w": 187.93286466897612,
            "x": 885.2539508133074,
            "y": 2176.5065148721014
        },
        {
            "h": 114.33010875787306,
            "id": 1667241603823,
            "label": "\u09a4\u09c3\u09b7\u09cd\u09a3\u09be",
            "w": 161.35649996831282,
            "x": 1166.204091934605,
            "y": 2180.7409633446155
        },
        {
            "h": 131.26790264792837,
            "id": 1667241612831,
            "label": "\u099c\u09b2\u09c7\u09a4\u09c7",
            "w": 222.10247642697172,
            "x": 38.60690392074873,
            "y": 2388.228938497792
        },
        {
            "h": 152.44014501049725,
            "id": 1667241619255,
            "label": "\u09ac\u09bf\u09a8\u09be\u09b6",
            "w": 212.61091760530616,
            "x": 672.6430332080013,
            "y": 2345.884453772654
        },
        {
            "h": 135.50235112044243,
            "id": 1667241622367,
            "label": "\u0998\u099f\u09be\u09af\u09bc",
            "w": 187.93286466897612,
            "x": 953.5931743292988,
            "y": 2341.65000530014
        },
        {
            "h": 118.56455723038664,
            "id": 1667241624535,
            "label": "\u09b0\u09cb\u0997",
            "w": 178.44130584731047,
            "x": 1255.4247448582603,
            "y": 2328.946659882599
        },
        {
            "h": 143.9712480654701,
            "id": 1667241627864,
            "label": "\u09b8\u09c1\u09b8\u09cd\u09a5",
            "w": 167.05143526131204,
            "x": 34.810280392082554,
            "y": 2705.812573936328
        },
        {
            "h": 148.2056965379832,
            "id": 1667241637127,
            "label": "\u099c\u09c0\u09ac\u0995\u09c1\u09b2\u09c7",
            "w": 290.44169994296306,
            "x": 334.743539156711,
            "y": 2345.884453772654
        },
        {
            "h": 131.26790264792788,
            "id": 1667241640527,
            "label": "\u09a7\u09b0\u09c7",
            "w": 172.74637055431128,
            "x": 672.6430332080013,
            "y": 2527.9657380907483
        },
        {
            "h": 148.20569653798367,
            "id": 1667241643318,
            "label": "\u0994\u09b7\u09a7\u09c7\u09b0",
            "w": 199.32273525497462,
            "x": 913.7286272783037,
            "y": 2506.793495728179
        },
        {
            "h": 127.03345417541429,
            "id": 1667241658655,
            "label": "\u098a\u09b7\u09be\u09b0",
            "w": 199.3227352549747,
            "x": 928.9151213929686,
            "y": 1714.9516313680956
        }
    ],
    "file": "ManobChandro210624_1.jpg"
}