{
    "boxes": [
        {
            "h": 100,
            "id": 3,
            "label": "\u09b8\u09c1\u09b8\u09cd\u09a5",
            "w": 158,
            "x": 63,
            "y": 2724
        },
        {
            "h": 72,
            "id": 18,
            "label": "\u09a6\u09c7\u09b9",
            "w": 243.3874588013867,
            "x": -4.693729400693356,
            "y": 2551.0000000000005
        },
        {
            "h": 163.27464831101108,
            "id": 182,
            "label": "\u09ae\u09be\u099f\u09bf\u09b0",
            "w": 228.00000000000023,
            "x": 84.66217917911713,
            "y": 524.3419201827319
        },
        {
            "h": 123.60650097896306,
            "id": 30,
            "label": "\u09ae\u09c7\u099f\u09be\u09af\u09bc",
            "w": 212.00000000000003,
            "x": 81.00000000000003,
            "y": 2345.1967495105187
        },
        {
            "h": 89.41973309949785,
            "id": 108,
            "label": "\u09af\u09be\u09af\u09bc",
            "w": 229.4544094628624,
            "x": 40.27279526856885,
            "y": 1467.7901334502515
        },
        {
            "h": 74,
            "id": 43,
            "label": "\u09a6\u09c1\u0983\u0996",
            "w": 171,
            "x": 91,
            "y": 2243
        },
        {
            "h": 181.99891186606465,
            "id": 228,
            "label": "\u09ac\u09b0\u09cd\u09b7\u09be\u09ae\u09c1\u0996\u09b0",
            "w": 332.1921886487394,
            "x": 48.70261529316474,
            "y": 49.22270036517351
        },
        {
            "h": 128.5605331613449,
            "id": 69,
            "label": "\u09ae\u09be\u09a0\u09c7",
            "w": 136.30249837246424,
            "x": 88.34875081376794,
            "y": 1875.7197334193274
        },
        {
            "h": 96.10152399929537,
            "id": 122,
            "label": "\u09b0\u0999\u09c7\u09b0",
            "w": 180,
            "x": 94.00000000000003,
            "y": 1326.9492380003524
        },
        {
            "h": 93.6312994624392,
            "id": 211,
            "label": "\u09ac\u09b8\u09c7",
            "w": 181.24478566178388,
            "x": 65.88433840043258,
            "y": 262.9926525334858
        },
        {
            "h": 77,
            "id": 95,
            "label": "\u09b6\u09be\u09a8\u09cd\u09a4",
            "w": 325,
            "x": 95,
            "y": 1637
        },
        {
            "h": 73,
            "id": 80,
            "label": "\u09aa\u09c2\u09b0\u09cd\u09ac",
            "w": 107,
            "x": 98,
            "y": 1774
        },
        {
            "h": 99.46992519429467,
            "id": 196,
            "label": "\u09b8\u09ac\u09c1\u099c\u09c7",
            "w": 242.3256688243988,
            "x": 93.33716558780068,
            "y": 418.07333966755795
        },
        {
            "h": 159.42456297403663,
            "id": 137,
            "label": "\u09b9\u09c3\u09a6\u09af\u09bc\u09c7\u09b0",
            "w": 317.67316415265805,
            "x": 69.44065766263382,
            "y": 1160.6918696453345
        },
        {
            "h": 124.6691181055371,
            "id": 57,
            "label": "\u09aa\u09be\u09b0\u09be\u09aa\u09be\u09b0\u09c7",
            "w": 308.18694695815583,
            "x": 79.6770350285604,
            "y": 2058.9737432119364
        },
        {
            "h": 115,
            "id": 150,
            "label": "\u09ac\u09c3\u09b7\u09cd\u099f\u09bf\u09a4\u09c7",
            "w": 361.97668042640737,
            "x": 5.747882510482467,
            "y": 863.1916977352951
        },
        {
            "h": 170.13764250699882,
            "id": 161,
            "label": "\u09ab\u09be\u0981\u0995\u09c7",
            "w": 265.6457923455391,
            "x": 57.04184957341142,
            "y": 692.1228764817963
        },
        {
            "h": 90,
            "id": 82,
            "label": "\u09a6\u09bf\u0995\u09c7",
            "w": 131,
            "x": 217,
            "y": 1757
        },
        {
            "h": 80,
            "id": 17,
            "label": "\u099b\u09c7\u09a1\u09bc\u09c7",
            "w": 142,
            "x": 246,
            "y": 2559
        },
        {
            "h": 62,
            "id": 1,
            "label": "\u0995\u09b0\u09c7",
            "w": 188,
            "x": 264,
            "y": 2732
        },
        {
            "h": 134.8897071610019,
            "id": 210,
            "label": "\u0993\u09b8\u09ae\u09be\u09a8",
            "w": 237.79770142003144,
            "x": 264.72294108115466,
            "y": 253.95929755185173
        },
        {
            "h": 129.17136554323216,
            "id": 121,
            "label": "\u09ab\u09c1\u09b2\u09c7",
            "w": 192.548151110306,
            "x": 286.72592444484707,
            "y": 1323.9143172283843
        },
        {
            "h": 116,
            "id": 31,
            "label": "\u09b8\u09c7\u0987",
            "w": 116,
            "x": 317,
            "y": 2348
        },
        {
            "h": 118,
            "id": 68,
            "label": "\u098a\u09b7\u09be\u09b0",
            "w": 180,
            "x": 324,
            "y": 1900
        },
        {
            "h": 118.33856091604511,
            "id": 104,
            "label": "\u09a7\u09b0\u09be\u09b0",
            "w": 159.36259536694075,
            "x": 280.514537652269,
            "y": 1473.5431729390355
        },
        {
            "h": 145.26725216592976,
            "id": 157,
            "label": "\u099c\u09ae\u09c7",
            "w": 188.00000000000003,
            "x": 358,
            "y": 719.3663739170353
        },
        {
            "h": 134.90607781326702,
            "id": 44,
            "label": "\u09aa\u09be\u09b6\u09be\u09aa\u09be\u09b6\u09bf",
            "w": 348.32567787126527,
            "x": 310.8775484523144,
            "y": 2200.8552633580725
        },
        {
            "h": 113.67578116536505,
            "id": 180,
            "label": "\u0989\u09aa\u09b0",
            "w": 137.00000000000003,
            "x": 376.00000000000006,
            "y": 555.6621094173174
        },
        {
            "h": 108,
            "id": 148,
            "label": "\u09a7\u09c1\u09af\u09bc\u09c7",
            "w": 191,
            "x": 377,
            "y": 894
        },
        {
            "h": 95.94910082932707,
            "id": 194,
            "label": "\u098b\u09a6\u09cd\u09a7",
            "w": 171.9607261616511,
            "x": 364.01963691917445,
            "y": 424.52544958533645
        },
        {
            "h": 128.42408633446703,
            "id": 229,
            "label": "\u09a6\u09bf\u09a8",
            "w": 191.55696376841362,
            "x": 387.57727842029476,
            "y": 79.28795683276661
        },
        {
            "h": 154.8322340216857,
            "id": 132,
            "label": "\u099a\u099e\u09cd\u099a\u09b2\u09a4\u09be",
            "w": 254.00000000000003,
            "x": 423.00000000000006,
            "y": 1179.083882989157
        },
        {
            "h": 66,
            "id": 14,
            "label": "\u09ae\u09a8\u09c7",
            "w": 185,
            "x": 433,
            "y": 2574
        },
        {
            "h": 122,
            "id": 83,
            "label": "\u09b9\u09a0\u09be\u09ce",
            "w": 163,
            "x": 434,
            "y": 1745
        },
        {
            "h": 121.8645793569434,
            "id": 55,
            "label": "\u0996\u09c7\u09af\u09bc\u09be",
            "w": 194.00000000000003,
            "x": 445.00000000000006,
            "y": 2082.0677103215285
        },
        {
            "h": 159.9089404670871,
            "id": 28,
            "label": "\u099c\u09b2\u09c7\u09a4\u09c7",
            "w": 285,
            "x": 476.99999999999994,
            "y": 2367.0455297664566
        },
        {
            "h": 70,
            "id": 94,
            "label": "\u098f",
            "w": 72,
            "x": 478,
            "y": 1641
        },
        {
            "h": 98.59649295885339,
            "id": 105,
            "label": "\u0985\u0999\u09cd\u0997\u09a8",
            "w": 264.18803882564555,
            "x": 459.4059805871772,
            "y": 1487.7017535205734
        },
        {
            "h": 122.00000000000001,
            "id": 123,
            "label": "\u0995\u09c1\u099c\u09cd\u099d\u099f\u09bf\u0995\u09be",
            "w": 345,
            "x": 550.9932687686756,
            "y": 1346.5958488676474
        },
        {
            "h": 124.78685177882991,
            "id": 66,
            "label": "\u0986\u0995\u09be\u09b6\u09c7",
            "w": 292,
            "x": 547,
            "y": 1916.6065741105851
        },
        {
            "h": 127.34397615281482,
            "id": 192,
            "label": "\u09ac\u09a8\u09ad\u09c2\u09ae\u09bf\u09b0",
            "w": 241.00000000000006,
            "x": 548.3378208208829,
            "y": 429.8280119235925
        },
        {
            "h": 106,
            "id": 145,
            "label": "\u09ae\u09c1\u099b\u09c7",
            "w": 169,
            "x": 565.6689104104415,
            "y": 917.0000000000001
        },
        {
            "h": 151.0635086271819,
            "id": 214,
            "label": "\u09ad\u09c1\u0981\u0987\u099e\u09be",
            "w": 288.47260505585626,
            "x": 517.1015182929555,
            "y": 257.94749002464624
        },
        {
            "h": 106.63330795047983,
            "id": 175,
            "label": "\u09b6\u09c1\u0995\u09a8\u09cb",
            "w": 190,
            "x": 588.0000000000001,
            "y": 589.6833460247602
        },
        {
            "h": 114.64747514921069,
            "id": 158,
            "label": "\u09a5\u09be\u0995\u09be",
            "w": 195,
            "x": 588.0000000000001,
            "y": 729.1762624253947
        },
        {
            "h": 148.9574134582031,
            "id": 225,
            "label": "\u09b6\u09c7\u09b7\u09c7",
            "w": 209.3399007429933,
            "x": 585.8300496285032,
            "y": 79.02129327089845
        },
        {
            "h": 102.67385717410507,
            "id": 91,
            "label": "\u09ac\u09cd\u09b0\u09b9\u09cd\u09ae\u09be\u09a3\u09cd\u09a1\u09c7",
            "w": 279,
            "x": 651,
            "y": 1655.6630714129476
        },
        {
            "h": 121.71050572938604,
            "id": 77,
            "label": "\u099d\u09a1\u09bc",
            "w": 146,
            "x": 656,
            "y": 1774.644747135307
        },
        {
            "h": 146.95122448974357,
            "id": 15,
            "label": "\u0997\u09bf\u09af\u09bc\u09c7",
            "w": 178.27020979353716,
            "x": 664.1555973048431,
            "y": 2546.9077832257176
        },
        {
            "h": 56,
            "id": 40,
            "label": "\u09b8\u09b9",
            "w": 113,
            "x": 691,
            "y": 2263
        },
        {
            "h": 128.6350730782919,
            "id": 131,
            "label": "\u09ac\u09a8\u09cd\u09a7\u09c7",
            "w": 172.92386027504003,
            "x": 702.5380698624801,
            "y": 1206.682463460854
        },
        {
            "h": 91.54469453790048,
            "id": 53,
            "label": "\u09b6\u09b0\u09ce",
            "w": 138,
            "x": 768,
            "y": 2096.22765273105
        },
        {
            "h": 147.40876295538706,
            "id": 29,
            "label": "\u099c\u09c0\u09ac\u0995\u09c1\u09b2\u09c7",
            "w": 279,
            "x": 784.0000000000002,
            "y": 2376.795618522307
        },
        {
            "h": 87,
            "id": 146,
            "label": "\u09a7\u09c2\u09b8\u09b0",
            "w": 135,
            "x": 785,
            "y": 911
        },
        {
            "h": 99,
            "id": 106,
            "label": "\u0995\u09cd\u09b7\u09bf\u09aa\u09cd\u09a4",
            "w": 200,
            "x": 799,
            "y": 1494
        },
        {
            "h": 131.11715528032292,
            "id": 178,
            "label": "\u09aa\u09be\u09a4\u09be",
            "w": 155.29305360276734,
            "x": 797.1233520789252,
            "y": 565.9414223598386
        },
        {
            "h": 169.48992963405956,
            "id": 230,
            "label": "\u098a\u09b0\u09cd\u09a6\u09cd\u09a7\u09aa\u09be\u09a8\u09c7",
            "w": 267.0880653801121,
            "x": 807.5130179969107,
            "y": 59.86617266368789
        },
        {
            "h": 151.62309765694346,
            "id": 212,
            "label": "\u0988\u09b7\u09be\u09a8",
            "w": 178.09536147423387,
            "x": 814.7362902331708,
            "y": 265.071846642118
        },
        {
            "h": 87,
            "id": 42,
            "label": "\u0985\u09ac\u09b8\u09cd\u09a5\u09be\u09a8",
            "w": 280,
            "x": 818,
            "y": 2252
        },
        {
            "h": 122.16963189324125,
            "id": 156,
            "label": "\u09a2\u09c7\u09b0",
            "w": 121,
            "x": 832,
            "y": 737.9151840533794
        },
        {
            "h": 126.18383703351655,
            "id": 195,
            "label": "\u09a8\u09bf\u09b0\u09cd\u099c\u09a8\u09a4\u09be",
            "w": 313.620625802231,
            "x": 811.311478890055,
            "y": 430.19562808618383
        },
        {
            "h": 103,
            "id": 81,
            "label": "\u0989\u09a0\u09c7",
            "w": 153,
            "x": 841,
            "y": 1772
        },
        {
            "h": 140.54516973809814,
            "id": 65,
            "label": "\u09b8\u09a8\u09cd\u09a7\u09cd\u09af\u09be\u09b0",
            "w": 278.00000000000006,
            "x": 861,
            "y": 1919.2274151309512
        },
        {
            "h": 87,
            "id": 12,
            "label": "\u09a7\u09b0\u09c7",
            "w": 125,
            "x": 891,
            "y": 2592
        },
        {
            "h": 165.6161067658591,
            "id": 135,
            "label": "\u09ac\u09cd\u09b0\u09a4\u09c0",
            "w": 163.00000000000003,
            "x": 904,
            "y": 1183.6919466170705
        },
        {
            "h": 101.31030149545788,
            "id": 118,
            "label": "\u09aa\u09cd\u09b0\u09ad\u099e\u09cd\u099c\u09a8",
            "w": 260.5122038454631,
            "x": 931.0749876668274,
            "y": 1385.9406981199186
        },
        {
            "h": 117.61574204329517,
            "id": 51,
            "label": "\u098b\u09a4\u09c1\u09a4\u09c7",
            "w": 225.00000000000003,
            "x": 970.0000000000001,
            "y": 2105.1921289783527
        },
        {
            "h": 108.80916539568118,
            "id": 93,
            "label": "\u09ac\u09be\u099e\u09cd\u099b\u09bf\u09a4\u09ab\u09b2",
            "w": 329.9558634851984,
            "x": 974.650591279896,
            "y": 1669.2871150374542
        },
        {
            "h": 100,
            "id": 147,
            "label": "\u099c\u09c0\u09ac\u09a8\u09c7",
            "w": 194,
            "x": 978,
            "y": 910
        },
        {
            "h": 131.012871295108,
            "id": 155,
            "label": "\u09aa\u09c1\u09b0\u09cb\u09a8\u09cb",
            "w": 245,
            "x": 989,
            "y": 742.493564352446
        },
        {
            "h": 123.03208591406366,
            "id": 200,
            "label": "\u0995\u09cb\u09a3\u09c7",
            "w": 215.36945608105637,
            "x": 1002.7681533402014,
            "y": 287.8881081753208
        },
        {
            "h": 113.90663002594926,
            "id": 76,
            "label": "\u0997\u0997\u09a8",
            "w": 170.00000000000003,
            "x": 1023.0000000000002,
            "y": 1803.0466849870256
        },
        {
            "h": 106.34477396404401,
            "id": 101,
            "label": "\u09b9\u09b2\u09c7",
            "w": 150.00000000000003,
            "x": 1028,
            "y": 1512.3276130179781
        },
        {
            "h": 148.00000000000006,
            "id": 19,
            "label": "\u0994\u09b7\u09a7\u09c7\u09b0",
            "w": 220.00000000000006,
            "x": 1064.3310895895584,
            "y": 2553.787546602944
        },
        {
            "h": 112.01712213316782,
            "id": 129,
            "label": "\u09b9\u09b2\u09c7",
            "w": 145,
            "x": 1096.6621791791172,
            "y": 1234.491438933416
        },
        {
            "h": 115.95517900629075,
            "id": 221,
            "label": "\u099a\u09c7\u09af\u09bc\u09c7",
            "w": 156,
            "x": 1094,
            "y": 103.52241049685463
        },
        {
            "h": 107,
            "id": 27,
            "label": "\u09ac\u09bf\u09a8\u09be\u09b6",
            "w": 231,
            "x": 1099,
            "y": 2419
        },
        {
            "h": 110.88316320269341,
            "id": 191,
            "label": "\u099a\u09bf\u09b0\u09c7",
            "w": 143.64409778530737,
            "x": 1146.1779511073464,
            "y": 444.5584183986533
        },
        {
            "h": 113.4714161118406,
            "id": 63,
            "label": "\u099b\u09be\u09af\u09bc\u09be",
            "w": 171.00000000000003,
            "x": 1170,
            "y": 1955.7642919440798
        },
        {
            "h": 94.1858940201831,
            "id": 173,
            "label": "\u09aa\u09a1\u09bc\u09c7",
            "w": 181.01351507003935,
            "x": 1174.9932424649803,
            "y": 610.9070529899085
        },
        {
            "h": 58,
            "id": 36,
            "label": "\u09af\u09c7",
            "w": 115,
            "x": 1211,
            "y": 2298
        },
        {
            "h": 125.18167847721318,
            "id": 100,
            "label": "\u09b8\u09be\u0999\u09cd\u0997",
            "w": 169,
            "x": 1212.0000000000002,
            "y": 1507.9091607613937
        },
        {
            "h": 86.21872077118452,
            "id": 203,
            "label": "\u09a4\u0996\u09a8",
            "w": 179.37512910585528,
            "x": 1218.3057042157484,
            "y": 307.890639614408
        },
        {
            "h": 117.88475887728447,
            "id": 74,
            "label": "\u09ae\u09c7\u0998\u09c7\u09a4\u09c7",
            "w": 207.00000000000003,
            "x": 1220,
            "y": 1811.057620561358
        },
        {
            "h": 123.03556114601284,
            "id": 116,
            "label": "\u09b6\u0999\u09cd\u0995\u09be\u09b0",
            "w": 241.3800308946653,
            "x": 1215.309984552668,
            "y": 1371.9822194269939
        },
        {
            "h": 143.1569775757384,
            "id": 54,
            "label": "\u099a\u09be\u0981\u09a6",
            "w": 127.89310371326538,
            "x": 1229.7021648598356,
            "y": 2086.5173600797784
        },
        {
            "h": 122,
            "id": 162,
            "label": "\u0997\u09ad\u09c0\u09b0",
            "w": 170,
            "x": 1263,
            "y": 738
        },
        {
            "h": 130.83172730186496,
            "id": 133,
            "label": "\u099c\u09c0\u09ac\u09a8",
            "w": 182,
            "x": 1276,
            "y": 1202.0841363490676
        },
        {
            "h": 127.82826534422799,
            "id": 218,
            "label": "\u09af\u0996\u09a8",
            "w": 159,
            "x": 1280.0000000000002,
            "y": 99.08586732788604
        },
        {
            "h": 87.78971287631914,
            "id": 189,
            "label": "\u09a5\u09c7\u0995\u09c7",
            "w": 158.00000000000003,
            "x": 1313,
            "y": 466.6051435618406
        },
        {
            "h": 92,
            "id": 9,
            "label": "\u09b8\u09be\u09a7\u09cd\u09af",
            "w": 147,
            "x": 1320,
            "y": 2621
        },
        {
            "h": 120.6729392094927,
            "id": 144,
            "label": "\u09b0\u0999\u09a7\u09a8\u09c1",
            "w": 252.463121880195,
            "x": 1174.5046617835887,
            "y": 923.0676815276063
        },
        {
            "h": 113.6317455760904,
            "id": 88,
            "label": "\u09ae\u09c7\u09b2\u09c7",
            "w": 171.00000000000003,
            "x": 1342.0000000000002,
            "y": 1673.1841272119548
        },
        {
            "h": 103,
            "id": 26,
            "label": "\u0998\u099f\u09be\u09af\u09bc",
            "w": 221,
            "x": 1360.891363972549,
            "y": 2448.736409060507
        },
        {
            "h": 122.19956950719839,
            "id": 64,
            "label": "\u0990",
            "w": 88.00000000000001,
            "x": 1368.0000000000002,
            "y": 1937.400215246401
        },
        {
            "h": 88,
            "id": 50,
            "label": "\u0986\u09b2\u09cb\u09af\u09bc",
            "w": 218,
            "x": 1389,
            "y": 2138
        },
        {
            "h": 129.7027898811496,
            "id": 177,
            "label": "\u0994\u09a6\u09be\u09b8\u09c0\u09a8\u09cd\u09af\u09c7",
            "w": 333.48392459119054,
            "x": 1364.8663670329272,
            "y": 600.5320005300156
        },
        {
            "h": 128.02938496671803,
            "id": 98,
            "label": "\u09b9\u09ac\u09c7",
            "w": 133,
            "x": 1409.0000000000002,
            "y": 1512.485307516641
        },
        {
            "h": 157.28134113978376,
            "id": 206,
            "label": "\u0985\u09a8\u09cd\u09a7\u0995\u09be\u09b0",
            "w": 261.20199570220433,
            "x": 1393.7166292758077,
            "y": 268.35932943010823
        },
        {
            "h": 118.2159312061559,
            "id": 143,
            "label": "\u098f\u09a8\u09c7",
            "w": 163.00000000000003,
            "x": 1432,
            "y": 912.3920343969221
        },
        {
            "h": 140.71799477108885,
            "id": 35,
            "label": "\u099c\u09b2\u09c7\u09a4\u09c7",
            "w": 231.5867967176609,
            "x": 1361.4293619022083,
            "y": 2272.641002614458
        },
        {
            "h": 126.82598585439521,
            "id": 227,
            "label": "\u0986\u09b7\u09be\u09a2\u09bc\u09c7",
            "w": 213,
            "x": 1464.0000000000002,
            "y": 86.58700707280242
        },
        {
            "h": 121.19039745740142,
            "id": 115,
            "label": "\u0995\u09be\u09b0\u09a3",
            "w": 183.00000000000003,
            "x": 1472.0000000000002,
            "y": 1380.9048012712994
        },
        {
            "h": 97.0770120041729,
            "id": 62,
            "label": "\u09a6\u09c7\u0996\u09cb",
            "w": 205.00000000000003,
            "x": 1484,
            "y": 1985.4614939979137
        },
        {
            "h": 121.84747780514195,
            "id": 188,
            "label": "\u09b9\u09a4\u09c7",
            "w": 138,
            "x": 1487.0000000000002,
            "y": 457.5762610974291
        },
        {
            "h": 139.75602407000264,
            "id": 130,
            "label": "\u09aa\u09b0\u09bf\u09aa\u09c2\u09b0\u09cd\u09a3",
            "w": 181.00000000000006,
            "x": 1500.655447947793,
            "y": 1211.1219879649989
        },
        {
            "h": 128.07580915090912,
            "id": 73,
            "label": "\u09a2\u09be\u0995\u09c7",
            "w": 189.00000000000003,
            "x": 1504.0000000000002,
            "y": 1806.4620954245456
        },
        {
            "h": 119.20215367387729,
            "id": 153,
            "label": "\u09a6\u09c1\u0983\u0996",
            "w": 169,
            "x": 1519,
            "y": 760.8989231630615
        },
        {
            "h": 97,
            "id": 11,
            "label": "\u0995\u09c0",
            "w": 125.25768684174169,
            "x": 1504.222439862662,
            "y": 2609.4041511323526
        },
        {
            "h": 102.1756272838172,
            "id": 102,
            "label": "\u09ac\u09bf\u099c\u09cd\u099e\u099c\u09a8\u09c7",
            "w": 285,
            "x": 1572.0000000000002,
            "y": 1521.4121863580915
        },
        {
            "h": 137.40807555725084,
            "id": 141,
            "label": "\u09a6\u09c7\u09af\u09bc",
            "w": 145,
            "x": 1614.0000000000002,
            "y": 907.7959622213747
        },
        {
            "h": 89.85102800602577,
            "id": 87,
            "label": "\u09b6\u09cd\u09b0\u09be\u09ac\u09a8\u09c7",
            "w": 249.60373277357297,
            "x": 1579.2183273071878,
            "y": 1680.3827882616924
        },
        {
            "h": 101,
            "id": 48,
            "label": "\u0985\u0982\u09b6\u09c1\u09ae\u09be\u09a8",
            "w": 297,
            "x": 1646,
            "y": 2157
        },
        {
            "h": 156.29275237675284,
            "id": 193,
            "label": "\u0990\u09b0\u09be\u09ac\u09a4\u09c7\u09b0",
            "w": 294.1688474947279,
            "x": 1641.9835181932121,
            "y": 430.3328681498608
        },
        {
            "h": 113,
            "id": 37,
            "label": "\u0988\u09b6\u09cd\u09ac\u09b0",
            "w": 191,
            "x": 1659,
            "y": 2293
        },
        {
            "h": 113.2665419053564,
            "id": 110,
            "label": "\u09b2\u09a3\u09cd\u09a1\u09ad\u09a3\u09cd\u09a1",
            "w": 258.98815393147265,
            "x": 1684.1411772880838,
            "y": 1394.96257791497
        },
        {
            "h": 114.07808258902169,
            "id": 61,
            "label": "\u09a5\u09c7\u09ae\u09c7",
            "w": 177,
            "x": 1700,
            "y": 1982.4609587054895
        },
        {
            "h": 178.59307211642243,
            "id": 22,
            "label": "\u09b0\u09cb\u0997",
            "w": 212.21174271286736,
            "x": 1679.2050245391515,
            "y": 2422.415917338848
        },
        {
            "h": 158.1217637517788,
            "id": 127,
            "label": "\u09b9\u09ac\u09c7",
            "w": 124.00000000000001,
            "x": 1715,
            "y": 1220.4391181241106
        },
        {
            "h": 124,
            "id": 78,
            "label": "\u09ac\u09c3\u09b7\u09cd\u099f\u09bf",
            "w": 162,
            "x": 1721,
            "y": 1800
        },
        {
            "h": 121.76348061716664,
            "id": 224,
            "label": "\u0997\u09b2\u09cd\u09aa",
            "w": 108,
            "x": 1725.0000000000002,
            "y": 108.1182596914167
        },
        {
            "h": 176.51468562634625,
            "id": 160,
            "label": "\u09b9\u09a0\u09be\u09ce",
            "w": 181.55796235852753,
            "x": 1721.8697355372042,
            "y": 718.0302037897695
        },
        {
            "h": 114.02711515035489,
            "id": 204,
            "label": "\u09ae\u09c7\u0998\u09c7\u09b0",
            "w": 232.73393353306335,
            "x": 1642.1666893900906,
            "y": 293.4864424248225
        },
        {
            "h": 84.10260607006245,
            "id": 172,
            "label": "\u098f\u09ac\u0982",
            "w": 153.48725607786395,
            "x": 1758.2563719610682,
            "y": 623.9486969649688
        },
        {
            "h": 73,
            "id": 8,
            "label": "\u09a4\u09be\u09b0\u09c7",
            "w": 149,
            "x": 1782,
            "y": 2649
        },
        {
            "h": 114.14834571836175,
            "id": 219,
            "label": "\u09b6\u09cb\u09a8\u09be\u09a4\u09c7",
            "w": 260.356999959358,
            "x": 1841.2676501697267,
            "y": 102.82997827317168
        },
        {
            "h": 109.96554913208787,
            "id": 208,
            "label": "\u0986\u09a1\u09bc\u09ae\u09cd\u09ac\u09b0",
            "w": 202.8344482533274,
            "x": 1858.9138654628955,
            "y": 291.0172254339561
        },
        {
            "h": 120.26750915045508,
            "id": 32,
            "label": "\u09a4\u09c3\u09b7\u09cd\u09a3\u09be",
            "w": 183.00000000000003,
            "x": 1873,
            "y": 2312.366245424773
        },
        {
            "h": 119.53155017724299,
            "id": 126,
            "label": "\u09a8\u09be\u09a8\u09be",
            "w": 175,
            "x": 1874.0000000000002,
            "y": 1240.2342249113788
        },
        {
            "h": 169.59370081229238,
            "id": 90,
            "label": "\u0989\u09a4\u09cd\u09a4\u09b0",
            "w": 142.00000000000003,
            "x": 1877.0000000000002,
            "y": 1646.7031495938538
        },
        {
            "h": 96.46426755882014,
            "id": 59,
            "label": "\u0997\u09c7\u099b\u09c7",
            "w": 198,
            "x": 1882,
            "y": 1999.2678662205901
        },
        {
            "h": 108.7733098052519,
            "id": 96,
            "label": "\u09ac\u09b2\u09c7",
            "w": 149,
            "x": 1887.0000000000002,
            "y": 1540.1133450973741
        },
        {
            "h": 82,
            "id": 24,
            "label": "\u09af\u09a6\u09bf",
            "w": 170,
            "x": 1910,
            "y": 2477
        },
        {
            "h": 82.35083801224137,
            "id": 71,
            "label": "\u09a8\u09be\u09ae\u09c7",
            "w": 163.00000000000003,
            "x": 1917.0000000000002,
            "y": 1847.8245809938796
        },
        {
            "h": 161.76024282970303,
            "id": 179,
            "label": "\u09a4\u09be\u09b0\u0987",
            "w": 171.49018224803103,
            "x": 1923.0792672342186,
            "y": 585.0032740557383
        },
        {
            "h": 146.78374042090124,
            "id": 151,
            "label": "\u09af\u09c7\u09a8",
            "w": 147.00000000000003,
            "x": 1930.0000000000002,
            "y": 747.6081297895495
        },
        {
            "h": 164.74676940342562,
            "id": 47,
            "label": "\u09b8\u09c1\u0996",
            "w": 157.80559903262449,
            "x": 1947.090469252364,
            "y": 2115.6266152982876
        },
        {
            "h": 125.3850418667605,
            "id": 187,
            "label": "\u09a1\u09be\u0995",
            "w": 157.74963953610256,
            "x": 1944.9495385901837,
            "y": 452.80747906662
        },
        {
            "h": 121.55249183457548,
            "id": 111,
            "label": "\u09af\u09be\u09af\u09bc",
            "w": 160.41045660086252,
            "x": 1956.619130057803,
            "y": 1386.3196029503606
        },
        {
            "h": 106.3354291625624,
            "id": 1667237761358,
            "label": "\u09ac\u09be",
            "w": 90.25868184823818,
            "x": 1637.6707086105644,
            "y": 2623.562901423332
        },
        {
            "h": 140.45168333975144,
            "id": 1667237788294,
            "label": "\u099d\u09b0\u09c7",
            "w": 166.22523673615535,
            "x": 985.0985110158961,
            "y": 566.184887323896
        }
    ],
    "file": "MayaAkhter210636_1.jpg"
}