{
    "boxes": [
        {
            "h": 83,
            "id": 70,
            "label": "\u0990",
            "w": 86,
            "x": 57,
            "y": 1618
        },
        {
            "h": 64,
            "id": 51,
            "label": "\u0986\u09b2\u09cb\u09af\u09bc",
            "w": 259,
            "x": 63,
            "y": 1791
        },
        {
            "h": 71,
            "id": 34,
            "label": "\u099c\u09b2\u09c7\u09a4\u09c7",
            "w": 251,
            "x": 63,
            "y": 1925
        },
        {
            "h": 56,
            "id": 230,
            "label": "\u09ac\u09b8\u09c7",
            "w": 172,
            "x": 65,
            "y": 217
        },
        {
            "h": 57,
            "id": 22,
            "label": "\u09b0\u09cb\u0997",
            "w": 191,
            "x": 66,
            "y": 2064
        },
        {
            "h": 99,
            "id": 166,
            "label": "\u09a7\u09c2\u09b8\u09b0",
            "w": 166,
            "x": 72,
            "y": 722
        },
        {
            "h": 105,
            "id": 138,
            "label": "\u0995\u09c1\u099c\u09cd\u099d\u099f\u09bf\u0995\u09be",
            "w": 331,
            "x": 72,
            "y": 1092
        },
        {
            "h": 82,
            "id": 112,
            "label": "\u09ac\u09be\u099e\u09cd\u099b\u09bf\u09a4\u09ab\u09b2",
            "w": 318,
            "x": 73,
            "y": 1375
        },
        {
            "h": 69,
            "id": 182,
            "label": "\u099c\u09ae\u09c7",
            "w": 167,
            "x": 81,
            "y": 607
        },
        {
            "h": 65,
            "id": 4,
            "label": "\u09a4\u09be\u09b0\u09c7",
            "w": 196,
            "x": 83,
            "y": 2198
        },
        {
            "h": 85,
            "id": 213,
            "label": "\u09b8\u09ac\u09c1\u099c\u09c7",
            "w": 216,
            "x": 84,
            "y": 338
        },
        {
            "h": 66,
            "id": 246,
            "label": "\u09ac\u09b0\u09cd\u09b7\u09be\u09ae\u09c1\u0996\u09b0",
            "w": 235,
            "x": 87,
            "y": 85
        },
        {
            "h": 62,
            "id": 67,
            "label": "\u09a6\u09c7\u0996\u09cb",
            "w": 222,
            "x": 177,
            "y": 1649
        },
        {
            "h": 78,
            "id": 164,
            "label": "\u099c\u09c0\u09ac\u09a8\u09c7",
            "w": 190,
            "x": 263,
            "y": 734
        },
        {
            "h": 49,
            "id": 180,
            "label": "\u09a5\u09be\u0995\u09be",
            "w": 154,
            "x": 267,
            "y": 620
        },
        {
            "h": 66,
            "id": 23,
            "label": "\u09af\u09a6\u09bf",
            "w": 100,
            "x": 268,
            "y": 2058
        },
        {
            "h": 60,
            "id": 120,
            "label": "\u09b9\u09b2\u09c7",
            "w": 161,
            "x": 273,
            "y": 1259
        },
        {
            "h": 91,
            "id": 3,
            "label": "\u09b8\u09c1\u09b8\u09cd\u09a5",
            "w": 176,
            "x": 296,
            "y": 2207
        },
        {
            "h": 90,
            "id": 199,
            "label": "\u0989\u09aa\u09b0",
            "w": 157,
            "x": 316,
            "y": 457
        },
        {
            "h": 83,
            "id": 215,
            "label": "\u098b\u09a6\u09cd\u09a7",
            "w": 120,
            "x": 331,
            "y": 331
        },
        {
            "h": 59,
            "id": 152,
            "label": "\u099a\u099e\u09cd\u099a\u09b2\u09a4\u09be",
            "w": 202,
            "x": 334,
            "y": 1004
        },
        {
            "h": 89.91846051829758,
            "id": 239,
            "label": "\u09a6\u09bf\u09a8",
            "w": 150.47579107143684,
            "x": 352.0100470055144,
            "y": 71.45598614694994
        },
        {
            "h": 62,
            "id": 19,
            "label": "\u09a6\u09c7\u09b9",
            "w": 159,
            "x": 410,
            "y": 2083
        },
        {
            "h": 57,
            "id": 66,
            "label": "\u09a5\u09c7\u09ae\u09c7",
            "w": 155,
            "x": 417,
            "y": 1654
        },
        {
            "h": 64,
            "id": 109,
            "label": "\u09ae\u09c7\u09b2\u09c7",
            "w": 166,
            "x": 418,
            "y": 1406
        },
        {
            "h": 52,
            "id": 137,
            "label": "\u09aa\u09cd\u09b0\u09ad\u099e\u09cd\u099c\u09a8",
            "w": 245,
            "x": 430,
            "y": 1123
        },
        {
            "h": 57,
            "id": 175,
            "label": "\u09a2\u09c7\u09b0",
            "w": 150,
            "x": 445,
            "y": 627
        },
        {
            "h": 51,
            "id": 119,
            "label": "\u09b8\u09be\u0999\u09cd\u0997",
            "w": 224,
            "x": 452,
            "y": 1262
        },
        {
            "h": 106,
            "id": 165,
            "label": "\u09b0\u0999\u09a7\u09a8\u09c1",
            "w": 176,
            "x": 476,
            "y": 729
        },
        {
            "h": 66,
            "id": 2,
            "label": "\u0995\u09b0\u09c7",
            "w": 156,
            "x": 492,
            "y": 2219
        },
        {
            "h": 88,
            "id": 212,
            "label": "\u09ac\u09a8\u09ad\u09c2\u09ae\u09bf\u09b0",
            "w": 239,
            "x": 496,
            "y": 341
        },
        {
            "h": 76,
            "id": 190,
            "label": "\u09b6\u09c1\u0995\u09a8\u09cb",
            "w": 179,
            "x": 506,
            "y": 498
        },
        {
            "h": 56,
            "id": 238,
            "label": "\u09b6\u09c7\u09b7\u09c7",
            "w": 178,
            "x": 512,
            "y": 99
        },
        {
            "h": 87.99999999999999,
            "id": 235,
            "label": "\u09ad\u09c1\u0981\u0987\u099e\u09be",
            "w": 194.00000000000003,
            "x": 513.5214179807846,
            "y": 210.62717539085182
        },
        {
            "h": 71,
            "id": 29,
            "label": "\u09a4\u09c3\u09b7\u09cd\u09a3\u09be",
            "w": 171,
            "x": 551,
            "y": 1950
        },
        {
            "h": 78,
            "id": 158,
            "label": "\u09ac\u09a8\u09cd\u09a7\u09c7",
            "w": 146.00000000000006,
            "x": 578.7948934203362,
            "y": 991.5423917969503
        },
        {
            "h": 74,
            "id": 176,
            "label": "\u09aa\u09c1\u09b0\u09cb\u09a8\u09cb",
            "w": 251,
            "x": 628,
            "y": 626
        },
        {
            "h": 74,
            "id": 65,
            "label": "\u0997\u09c7\u099b\u09c7",
            "w": 181,
            "x": 632,
            "y": 1660
        },
        {
            "h": 57,
            "id": 163,
            "label": "\u098f\u09a8\u09c7",
            "w": 141,
            "x": 678,
            "y": 760
        },
        {
            "h": 65,
            "id": 118,
            "label": "\u09b9\u09ac\u09c7",
            "w": 133,
            "x": 694,
            "y": 1270
        },
        {
            "h": 80,
            "id": 47,
            "label": "\u09b8\u09c1\u0996",
            "w": 168,
            "x": 695,
            "y": 1818
        },
        {
            "h": 52,
            "id": 136,
            "label": "\u09b6\u0999\u09cd\u0995\u09be\u09b0",
            "w": 227,
            "x": 701,
            "y": 1131
        },
        {
            "h": 50,
            "id": 186,
            "label": "\u09aa\u09be\u09a4\u09be",
            "w": 162,
            "x": 702,
            "y": 505
        },
        {
            "h": 73,
            "id": 153,
            "label": "\u09ac\u09cd\u09b0\u09a4\u09c0",
            "w": 142,
            "x": 743,
            "y": 998
        },
        {
            "h": 110,
            "id": 211,
            "label": "\u09a8\u09bf\u09b0\u09cd\u099c\u09a8\u09a4\u09be",
            "w": 255,
            "x": 769,
            "y": 350
        },
        {
            "h": 65,
            "id": 15,
            "label": "\u09ae\u09a8\u09c7",
            "w": 192,
            "x": 781,
            "y": 2097
        },
        {
            "h": 106.60558447547572,
            "id": 222,
            "label": "\u0988\u09b7\u09be\u09a8",
            "w": 156.18764791776658,
            "x": 764.9061760411169,
            "y": 210.19720776226202
        },
        {
            "h": 63,
            "id": 63,
            "label": "\u09aa\u09be\u09b0\u09be\u09aa\u09be\u09b0\u09c7",
            "w": 317,
            "x": 825,
            "y": 1675
        },
        {
            "h": 90.3283054795168,
            "id": 240,
            "label": "\u098a\u09b0\u09cd\u09a6\u09cd\u09a7\u09aa\u09be\u09a8\u09c7",
            "w": 221.148609967093,
            "x": 753.4429980797033,
            "y": 71.20867186938976
        },
        {
            "h": 66,
            "id": 188,
            "label": "\u099d\u09b0\u09c7",
            "w": 163,
            "x": 885,
            "y": 501
        },
        {
            "h": 76.99999999999999,
            "id": 117,
            "label": "\u09ac\u09bf\u099c\u09cd\u099e\u099c\u09a8\u09c7",
            "w": 237.00000000000003,
            "x": 872.2479425412329,
            "y": 1254.2032574213456
        },
        {
            "h": 52,
            "id": 149,
            "label": "\u09b9\u09b2\u09c7",
            "w": 130,
            "x": 896,
            "y": 1020
        },
        {
            "h": 85,
            "id": 181,
            "label": "\u0997\u09ad\u09c0\u09b0",
            "w": 164,
            "x": 908,
            "y": 613
        },
        {
            "h": 62,
            "id": 225,
            "label": "\u0995\u09cb\u09a3\u09c7",
            "w": 158,
            "x": 948,
            "y": 233
        },
        {
            "h": 61,
            "id": 135,
            "label": "\u0995\u09be\u09b0\u09a3",
            "w": 175,
            "x": 948,
            "y": 1134
        },
        {
            "h": 72,
            "id": 85,
            "label": "\u09ae\u09be\u09a0\u09c7",
            "w": 190,
            "x": 957,
            "y": 1529
        },
        {
            "h": 91,
            "id": 16,
            "label": "\u0997\u09bf\u09af\u09bc\u09c7",
            "w": 191,
            "x": 982,
            "y": 2094
        },
        {
            "h": 93,
            "id": 32,
            "label": "\u09b8\u09c7\u0987",
            "w": 123,
            "x": 1007,
            "y": 1938
        },
        {
            "h": 64,
            "id": 243,
            "label": "\u099a\u09c7\u09af\u09bc\u09c7",
            "w": 155,
            "x": 1008,
            "y": 94
        },
        {
            "h": 77,
            "id": 151,
            "label": "\u099c\u09c0\u09ac\u09a8",
            "w": 175,
            "x": 1041,
            "y": 1006
        },
        {
            "h": 78,
            "id": 210,
            "label": "\u099a\u09bf\u09b0\u09c7",
            "w": 165,
            "x": 1046,
            "y": 351
        },
        {
            "h": 56,
            "id": 187,
            "label": "\u09aa\u09a1\u09bc\u09c7",
            "w": 133,
            "x": 1096,
            "y": 503
        },
        {
            "h": 44,
            "id": 226,
            "label": "\u09a4\u0996\u09a8",
            "w": 132,
            "x": 1124,
            "y": 232
        },
        {
            "h": 75.99999999999999,
            "id": 48,
            "label": "\u09aa\u09be\u09b6\u09be\u09aa\u09be\u09b6\u09bf",
            "w": 325.8384240596936,
            "x": 1075.1450419125072,
            "y": 1817.5423917969506
        },
        {
            "h": 65,
            "id": 27,
            "label": "\u099c\u09b2\u09c7\u09a4\u09c7",
            "w": 229,
            "x": 1142,
            "y": 1974
        },
        {
            "h": 54,
            "id": 116,
            "label": "\u09ac\u09b2\u09c7",
            "w": 139,
            "x": 1151,
            "y": 1287
        },
        {
            "h": 54.999999999999986,
            "id": 134,
            "label": "\u09b2\u09a3\u09cd\u09a1\u09ad\u09a3\u09cd\u09a1",
            "w": 172.03639498739074,
            "x": 1162.7338599650723,
            "y": 1145.457608203049
        },
        {
            "h": 82,
            "id": 62,
            "label": "\u0996\u09c7\u09af\u09bc\u09be",
            "w": 161,
            "x": 1158,
            "y": 1684
        },
        {
            "h": 83,
            "id": 86,
            "label": "\u098a\u09b7\u09be\u09b0",
            "w": 204,
            "x": 1169,
            "y": 1528
        },
        {
            "h": 51,
            "id": 242,
            "label": "\u09af\u0996\u09a8",
            "w": 150,
            "x": 1178,
            "y": 95
        },
        {
            "h": 79,
            "id": 232,
            "label": "\u0985\u09a8\u09cd\u09a7\u0995\u09be\u09b0",
            "w": 244,
            "x": 1281,
            "y": 213
        },
        {
            "h": 119.99999999999994,
            "id": 157,
            "label": "\u09aa\u09b0\u09bf\u09aa\u09c2\u09b0\u09cd\u09a3",
            "w": 213.0995715173343,
            "x": 1247.9246813430143,
            "y": 997.5423917969506
        },
        {
            "h": 63.99999999999998,
            "id": 115,
            "label": "\u09b6\u09be\u09a8\u09cd\u09a4",
            "w": 134.82270535111311,
            "x": 1324.105950387694,
            "y": 1285.9152164060984
        },
        {
            "h": 55,
            "id": 131,
            "label": "\u09b9\u09df\u09c7",
            "w": 133,
            "x": 1364,
            "y": 1157
        },
        {
            "h": 58,
            "id": 241,
            "label": "\u0986\u09b7\u09be\u09a2\u09bc\u09c7",
            "w": 205,
            "x": 1371,
            "y": 97
        },
        {
            "h": 107.99999999999996,
            "id": 14,
            "label": "\u0994\u09b7\u09a7\u09c7\u09b0",
            "w": 212.22242494040404,
            "x": 1370.777582708342,
            "y": 2105.5423917969497
        },
        {
            "h": 61,
            "id": 77,
            "label": "\u0986\u0995\u09be\u09b6\u09c7",
            "w": 279,
            "x": 1396,
            "y": 1564
        },
        {
            "h": 77,
            "id": 99,
            "label": "\u09b9\u09a0\u09be\u09ce",
            "w": 147,
            "x": 1410,
            "y": 1432
        },
        {
            "h": 47,
            "id": 172,
            "label": "\u09af\u09c7\u09a8",
            "w": 148,
            "x": 1418,
            "y": 636
        },
        {
            "h": 61,
            "id": 207,
            "label": "\u09b9\u09a4\u09c7",
            "w": 128,
            "x": 1435,
            "y": 358
        },
        {
            "h": 67,
            "id": 41,
            "label": "\u09b8\u09b9",
            "w": 139,
            "x": 1442,
            "y": 1845
        },
        {
            "h": 50.999999999999986,
            "id": 144,
            "label": "\u09b9\u09ac\u09c7",
            "w": 119.3003746120384,
            "x": 1484.3069767324118,
            "y": 1025
        },
        {
            "h": 52,
            "id": 130,
            "label": "\u09af\u09be\u09af\u09bc",
            "w": 135,
            "x": 1526,
            "y": 1164
        },
        {
            "h": 93,
            "id": 58,
            "label": "\u098b\u09a4\u09c1\u09a4\u09c7",
            "w": 220,
            "x": 1544,
            "y": 1697
        },
        {
            "h": 61.99999999999999,
            "id": 229,
            "label": "\u09ae\u09c7\u0998\u09c7\u09b0",
            "w": 168.00000000000003,
            "x": 1546.2479425412332,
            "y": 223.99999999999997
        },
        {
            "h": 63,
            "id": 191,
            "label": "\u098f\u09ac\u0982",
            "w": 114,
            "x": 1572,
            "y": 494
        },
        {
            "h": 53,
            "id": 96,
            "label": "\u099d\u09a1\u09bc",
            "w": 139,
            "x": 1582,
            "y": 1450
        },
        {
            "h": 60,
            "id": 38,
            "label": "\u0985\u09ac\u09b8\u09cd\u09a5\u09be\u09a8",
            "w": 251,
            "x": 1610,
            "y": 1854
        },
        {
            "h": 56,
            "id": 148,
            "label": "\u09a8\u09be\u09a8\u09be",
            "w": 118,
            "x": 1612,
            "y": 1021
        },
        {
            "h": 100.81255780085962,
            "id": 7,
            "label": "\u09b8\u09be\u09a7\u09cd\u09af",
            "w": 171.75472810516837,
            "x": 1621.490013145175,
            "y": 2139.2208964904207
        },
        {
            "h": 58,
            "id": 114,
            "label": "\u098f",
            "w": 66,
            "x": 1623,
            "y": 1312
        },
        {
            "h": 58.999999999999964,
            "id": 245,
            "label": "\u0997\u09b2\u09cd\u09aa",
            "w": 134.26257890207515,
            "x": 1618.343177650644,
            "y": 85.99999999999996
        },
        {
            "h": 91,
            "id": 195,
            "label": "\u09a4\u09be\u09b0\u0987",
            "w": 145,
            "x": 1703,
            "y": 463
        },
        {
            "h": 63,
            "id": 231,
            "label": "\u0986\u09a1\u09bc\u09ae\u09cd\u09ac\u09b0",
            "w": 221,
            "x": 1743,
            "y": 215
        },
        {
            "h": 70,
            "id": 145,
            "label": "\u09b0\u0999\u09c7\u09b0",
            "w": 144,
            "x": 1754,
            "y": 1024
        },
        {
            "h": 66,
            "id": 52,
            "label": "\u099a\u09be\u0981\u09a6",
            "w": 112,
            "x": 1781,
            "y": 1729
        },
        {
            "h": 73,
            "id": 248,
            "label": "\u09b6\u09cb\u09a8\u09be\u09a4\u09c7",
            "w": 232,
            "x": 1789,
            "y": 82
        },
        {
            "h": 81,
            "id": 178,
            "label": "\u09a7\u09c1\u09af\u09bc\u09c7",
            "w": 123,
            "x": 1799,
            "y": 625
        },
        {
            "h": 93,
            "id": 8,
            "label": "\u0995\u09c0",
            "w": 87,
            "x": 1809,
            "y": 2151
        },
        {
            "h": 51,
            "id": 127,
            "label": "\u0985\u0999\u09cd\u0997\u09a8",
            "w": 184,
            "x": 1834,
            "y": 1186
        },
        {
            "h": 56,
            "id": 209,
            "label": "\u09a1\u09be\u0995",
            "w": 142,
            "x": 1868,
            "y": 354
        },
        {
            "h": 55,
            "id": 95,
            "label": "\u0997\u0997\u09a8",
            "w": 162,
            "x": 1886,
            "y": 1453
        },
        {
            "h": 83,
            "id": 147,
            "label": "\u09ab\u09c1\u09b2\u09c7",
            "w": 158,
            "x": 1897,
            "y": 1022
        },
        {
            "h": 51,
            "id": 36,
            "label": "\u09af\u09c7",
            "w": 129,
            "x": 1913,
            "y": 1880
        },
        {
            "h": 57,
            "id": 6,
            "label": "\u09ac\u09be",
            "w": 92,
            "x": 1915,
            "y": 2169
        },
        {
            "h": 84,
            "id": 177,
            "label": "\u09ae\u09c1\u099b\u09c7",
            "w": 125,
            "x": 1928,
            "y": 625
        },
        {
            "h": 116.89892929937032,
            "id": 1667240067763,
            "label": "\u0993\u09b8\u09ae\u09be\u09a8",
            "w": 237.86241888711209,
            "x": 253.0390627722181,
            "y": 187.74676523838266
        },
        {
            "h": 116.89892929937035,
            "id": 1667240079818,
            "label": "\u09a5\u09c7\u0995\u09c7",
            "w": 159.26440221137074,
            "x": 1249.992853238201,
            "y": 322.35765352250604
        },
        {
            "h": 123.9837128932716,
            "id": 1667240089549,
            "label": "\u0990\u09b0\u09be\u09ac\u09a4\u09c7\u09b0",
            "w": 275.09305836509503,
            "x": 1568.521657660942,
            "y": 311.73047813165425
        },
        {
            "h": 127.52610469022217,
            "id": 1667240099833,
            "label": "\u09ab\u09be\u0981\u0995\u09c7",
            "w": 146.85418905204335,
            "x": 1858.0932980452524,
            "y": 439.2565828218764
        },
        {
            "h": 141.69567187802468,
            "id": 1667240111931,
            "label": "\u0994\u09a6\u09be\u09b8\u09c0\u09a8\u09cd\u09af\u09c7",
            "w": 287.5032715244222,
            "x": 1243.7877466585371,
            "y": 453.4261500096789
        },
        {
            "h": 116.89892929937031,
            "id": 1667240121161,
            "label": "\u09ae\u09be\u099f\u09bf\u09b0",
            "w": 213.04199256845692,
            "x": 73.0909719619681,
            "y": 442.79897461882706
        },
        {
            "h": 152.32284726887644,
            "id": 1667240128399,
            "label": "\u09a6\u09c1\u0983\u0996",
            "w": 115.82865615372403,
            "x": 1090.7284510268303,
            "y": 584.4946464968517
        },
        {
            "h": 106.27175390851853,
            "id": 1667240136098,
            "label": "\u09b9\u09a0\u09be\u09ce",
            "w": 155.12766449159494,
            "x": 1243.7877466585371,
            "y": 612.8337808724566
        },
        {
            "h": 155.86523906582718,
            "id": 1667240141244,
            "label": "\u09ac\u09c3\u09b7\u09cd\u099f\u09bf\u09a4\u09c7",
            "w": 188.22156624980158,
            "x": 1587.1369773999336,
            "y": 580.952254699901
        },
        {
            "h": 138.15328008107414,
            "id": 1667240149054,
            "label": "\u09a6\u09c7\u09af\u09bc",
            "w": 138.5807136124914,
            "x": 832.1823435408388,
            "y": 722.6479265779257
        },
        {
            "h": 131.0684964871729,
            "id": 1667240156327,
            "label": "\u09b9\u09c3\u09a6\u09af\u09bc\u09c7\u09b0",
            "w": 233.72568116733623,
            "x": 62.749127662528444,
            "y": 938.7338261919133
        },
        {
            "h": 127.52610469022207,
            "id": 1667240182926,
            "label": "\u09a7\u09b0\u09be\u09b0",
            "w": 128.23886931305165,
            "x": 1676.0768383751147,
            "y": 1122.9381996333452
        },
        {
            "h": 141.69567187802457,
            "id": 1667240192996,
            "label": "\u0995\u09cd\u09b7\u09bf\u09aa\u09cd\u09a4",
            "w": 169.60624651081037,
            "x": 75.15934082185603,
            "y": 1211.4979945571108
        },
        {
            "h": 120.44132109632082,
            "id": 1667240205942,
            "label": "\u09ac\u09cd\u09b0\u09b9\u09cd\u09ae\u09be\u09a3\u09cd\u09a1\u09c7",
            "w": 215.11036142834462,
            "x": 1709.1707401333217,
            "y": 1278.8034386991726
        },
        {
            "h": 120.44132109632103,
            "id": 1667240209309,
            "label": "\u0989\u09a0\u09c7",
            "w": 128.2388693130519,
            "x": 1733.9911664519766,
            "y": 1406.3295433893948
        },
        {
            "h": 138.1532800810741,
            "id": 1667240220750,
            "label": "\u09aa\u09c2\u09b0\u09cd\u09ac",
            "w": 99.43869998244374,
            "x": 1123.743855431126,
            "y": 1370.905625419888
        },
        {
            "h": 131.0684964871729,
            "id": 1667240230016,
            "label": "\u0989\u09a4\u09cd\u09a4\u09b0",
            "w": 148.9225579119309,
            "x": 927.3273110956836,
            "y": 1360.2784500290365
        },
        {
            "h": 113.35653750241978,
            "id": 1667240237606,
            "label": "\u09b6\u09cd\u09b0\u09be\u09ac\u09a8\u09c7",
            "w": 235.7940500272241,
            "x": 652.2342527305889,
            "y": 1374.448017216839
        },
        {
            "h": 116.89892929937041,
            "id": 1667240245334,
            "label": "\u09ae\u09c7\u0998\u09c7\u09a4\u09c7",
            "w": 270.95632064531895,
            "x": 64.81749652241638,
            "y": 1473.6349875314563
        },
        {
            "h": 113.35653750241978,
            "id": 1667240250786,
            "label": "\u09a2\u09be\u0995\u09c7",
            "w": 190.28993510968976,
            "x": 344.04729260728703,
            "y": 1487.804554719259
        },
        {
            "h": 102.72936211156811,
            "id": 1667240256890,
            "label": "\u09ac\u09c3\u09b7\u09cd\u099f\u09bf",
            "w": 173.74298423058627,
            "x": 548.8158097361923,
            "y": 1498.4317301101105
        },
        {
            "h": 106.27175390851833,
            "id": 1667240263916,
            "label": "\u09a8\u09be\u09ae\u09c7",
            "w": 179.94809081025,
            "x": 739.1057448458819,
            "y": 1501.9741219070613
        },
        {
            "h": 95.64457851766646,
            "id": 1667240282110,
            "label": "\u09b8\u09a8\u09cd\u09a7\u09cd\u09af\u09be\u09b0",
            "w": 210.97362370856882,
            "x": 1698.828895833882,
            "y": 1565.7371742521725
        },
        {
            "h": 88.55979492376521,
            "id": 1667240287901,
            "label": "\u099b\u09be\u09af\u09bc\u09be",
            "w": 119.96539387350006,
            "x": 1928.4178392814422,
            "y": 1569.2795660491229
        },
        {
            "h": 109.81414570546916,
            "id": 1667240297181,
            "label": "\u09b6\u09b0\u09ce",
            "w": 163.4011399311468,
            "x": 1369.9582471117008,
            "y": 1661.381752769839
        },
        {
            "h": 116.89892929937,
            "id": 1667240323896,
            "label": "\u09a6\u09c1\u0983\u0996",
            "w": 142.71745133226744,
            "x": 879.754827318261,
            "y": 1792.4502492570118
        },
        {
            "h": 141.69567187802457,
            "id": 1667240332414,
            "label": "\u0985\u0982\u09b6\u09c1\u09ae\u09be\u09a8",
            "w": 287.5032715244224,
            "x": 360.5942434863905,
            "y": 1757.0263312875056
        },
        {
            "h": 102.72936211156791,
            "id": 1667240339492,
            "label": "\u0988\u09b6\u09cd\u09ac\u09b0",
            "w": 171.67461537069826,
            "x": 335.77381716773533,
            "y": 1905.8067867594316
        },
        {
            "h": 99.18697031461708,
            "id": 1667240356149,
            "label": "\u09ae\u09c7\u099f\u09be\u09af\u09bc",
            "w": 200.63177940912934,
            "x": 749.4475891453216,
            "y": 1934.1459211350366
        },
        {
            "h": 131.0684964871729,
            "id": 1667240370861,
            "label": "\u099c\u09c0\u09ac\u0995\u09c1\u09b2\u09c7",
            "w": 262.68284520576736,
            "x": 1405.1205177297957,
            "y": 1944.7730965258881
        },
        {
            "h": 134.61088828412332,
            "id": 1667240375844,
            "label": "\u09ac\u09bf\u09a8\u09be\u09b6",
            "w": 190.2899351096896,
            "x": 1702.9656335536577,
            "y": 1962.4850555106416
        },
        {
            "h": 120.44132109632082,
            "id": 1667240380169,
            "label": "\u0998\u099f\u09be\u09af\u09bc",
            "w": 138.5807136124915,
            "x": 1918.0759949820026,
            "y": 1969.5698391045428
        },
        {
            "h": 134.61088828412332,
            "id": 1667240411541,
            "label": "\u09a7\u09b0\u09c7",
            "w": 113.76028729383624,
            "x": 1218.9673203398818,
            "y": 2097.095943794765
        },
        {
            "h": 109.81414570546916,
            "id": 1667240418514,
            "label": "\u099b\u09c7\u09a1\u09bc\u09c7",
            "w": 173.74298423058616,
            "x": 586.046449214175,
            "y": 2054.5872422313573
        },
        {
            "h": 81.47501132986436,
            "id": 1667240843671,
            "label": "\u09ad\u09be\u09ac\u09c7",
            "w": 113.76028729383624,
            "x": 1463.0348458066578,
            "y": 1289.4306140900242
        },
        {
            "h": 120.44132109632103,
            "id": 1667240885963,
            "label": "\u09a6\u09bf\u0995\u09c7",
            "w": 136.51234475260327,
            "x": 1239.6510089387614,
            "y": 1385.075192607691
        }
    ],
    "file": "MdAkashMia210627_1.jpg"
}