{
    "boxes": [
        {
            "h": 66,
            "id": 34,
            "w": 114,
            "x": 55,
            "y": 1809
        },
        {
            "h": 59,
            "id": 21,
            "w": 146,
            "x": 57,
            "y": 1933
        },
        {
            "h": 51,
            "id": 46,
            "w": 115,
            "x": 62,
            "y": 1685
        },
        {
            "h": 44,
            "id": 52,
            "w": 121,
            "x": 64,
            "y": 1561
        },
        {
            "h": 56,
            "id": 8,
            "w": 121,
            "x": 64,
            "y": 2069
        },
        {
            "h": 51,
            "id": 77,
            "w": 98,
            "x": 65,
            "y": 1308
        },
        {
            "h": 57,
            "id": 85,
            "w": 96,
            "x": 68,
            "y": 1180
        },
        {
            "h": 53,
            "id": 97,
            "w": 117,
            "x": 72,
            "y": 1057
        },
        {
            "h": 81,
            "id": 67,
            "w": 132,
            "x": 76,
            "y": 1417
        },
        {
            "h": 86,
            "id": 143,
            "w": 129,
            "x": 92,
            "y": 450
        },
        {
            "h": 47,
            "id": 165,
            "w": 173,
            "x": 94,
            "y": 238
        },
        {
            "h": 87.18578637355682,
            "id": 151,
            "w": 159.00000000000006,
            "x": 94,
            "y": 338.9350879212466
        },
        {
            "h": 64,
            "id": 132,
            "w": 125,
            "x": 96,
            "y": 594
        },
        {
            "h": 69,
            "id": 103,
            "w": 157,
            "x": 99,
            "y": 942
        },
        {
            "h": 84,
            "id": 120,
            "w": 97,
            "x": 100,
            "y": 719
        },
        {
            "h": 68,
            "id": 172,
            "w": 207,
            "x": 108,
            "y": 116
        },
        {
            "h": 55,
            "id": 86,
            "w": 107,
            "x": 206,
            "y": 1179
        },
        {
            "h": 66,
            "id": 36,
            "w": 134,
            "x": 212,
            "y": 1802
        },
        {
            "h": 59,
            "id": 45,
            "w": 247,
            "x": 221,
            "y": 1686
        },
        {
            "h": 60,
            "id": 75,
            "w": 126,
            "x": 225,
            "y": 1311
        },
        {
            "h": 56,
            "id": 95,
            "w": 155,
            "x": 229,
            "y": 1061
        },
        {
            "h": 52,
            "id": 7,
            "w": 115,
            "x": 235,
            "y": 2072
        },
        {
            "h": 87,
            "id": 26,
            "w": 103,
            "x": 244,
            "y": 1911
        },
        {
            "h": 47,
            "id": 126,
            "w": 120,
            "x": 260,
            "y": 613
        },
        {
            "h": 64,
            "id": 140,
            "w": 177,
            "x": 261,
            "y": 481
        },
        {
            "h": 87,
            "id": 57,
            "w": 109,
            "x": 266,
            "y": 1532
        },
        {
            "h": 73,
            "id": 117,
            "w": 101,
            "x": 267,
            "y": 742
        },
        {
            "h": 86,
            "id": 66,
            "w": 87,
            "x": 277,
            "y": 1422
        },
        {
            "h": 52,
            "id": 106,
            "w": 199,
            "x": 294,
            "y": 937
        },
        {
            "h": 100,
            "id": 169,
            "w": 174,
            "x": 299,
            "y": 205
        },
        {
            "h": 48,
            "id": 150,
            "w": 123,
            "x": 306,
            "y": 365
        },
        {
            "h": 77,
            "id": 180,
            "w": 197,
            "x": 351,
            "y": 94
        },
        {
            "h": 71,
            "id": 90,
            "w": 124,
            "x": 362,
            "y": 1169
        },
        {
            "h": 53,
            "id": 20,
            "w": 186,
            "x": 379,
            "y": 1936
        },
        {
            "h": 76,
            "id": 13,
            "w": 141,
            "x": 391,
            "y": 2047
        },
        {
            "h": 47,
            "id": 71,
            "w": 135,
            "x": 393,
            "y": 1316
        },
        {
            "h": 68,
            "id": 64,
            "w": 120,
            "x": 401,
            "y": 1427
        },
        {
            "h": 73,
            "id": 38,
            "w": 248,
            "x": 401,
            "y": 1785
        },
        {
            "h": 76,
            "id": 118,
            "w": 115,
            "x": 421,
            "y": 737
        },
        {
            "h": 47,
            "id": 129,
            "w": 102,
            "x": 432,
            "y": 606
        },
        {
            "h": 69,
            "id": 96,
            "w": 113,
            "x": 441,
            "y": 1059
        },
        {
            "h": 88,
            "id": 56,
            "w": 154,
            "x": 445,
            "y": 1534
        },
        {
            "h": 83,
            "id": 154,
            "w": 205,
            "x": 472,
            "y": 348
        },
        {
            "h": 50,
            "id": 139,
            "w": 124,
            "x": 502,
            "y": 487
        },
        {
            "h": 58,
            "id": 47,
            "w": 121,
            "x": 514,
            "y": 1682
        },
        {
            "h": 54,
            "id": 88,
            "w": 182,
            "x": 527,
            "y": 1175
        },
        {
            "h": 54,
            "id": 104,
            "w": 118,
            "x": 532,
            "y": 939
        },
        {
            "h": 74,
            "id": 167,
            "w": 155,
            "x": 541,
            "y": 221
        },
        {
            "h": 72,
            "id": 11,
            "w": 115,
            "x": 560,
            "y": 2052
        },
        {
            "h": 88,
            "id": 121,
            "w": 202,
            "x": 570,
            "y": 714
        },
        {
            "h": 86,
            "id": 65,
            "w": 133,
            "x": 576,
            "y": 1422
        },
        {
            "h": 53,
            "id": 130,
            "w": 82,
            "x": 580,
            "y": 604
        },
        {
            "h": 44,
            "id": 70,
            "w": 66,
            "x": 593,
            "y": 1318
        },
        {
            "h": 84,
            "id": 181,
            "w": 199,
            "x": 603,
            "y": 87
        },
        {
            "h": 89,
            "id": 25,
            "w": 209,
            "x": 620,
            "y": 1912
        },
        {
            "h": 56,
            "id": 49,
            "w": 222,
            "x": 637,
            "y": 1564
        },
        {
            "h": 92,
            "id": 102,
            "w": 253,
            "x": 655,
            "y": 1030
        },
        {
            "h": 54,
            "id": 138,
            "w": 130,
            "x": 684,
            "y": 491
        },
        {
            "h": 53.999999999999986,
            "id": 73,
            "w": 182.06406434851647,
            "x": 699.5578778213056,
            "y": 1310.7360094459873
        },
        {
            "h": 43,
            "id": 31,
            "w": 88,
            "x": 695,
            "y": 1818
        },
        {
            "h": 95,
            "id": 111,
            "w": 113,
            "x": 699,
            "y": 895
        },
        {
            "h": 90,
            "id": 12,
            "w": 187,
            "x": 724,
            "y": 2048
        },
        {
            "h": 51.36874483182962,
            "id": 162,
            "w": 116.72161171547363,
            "x": 728.4341491400453,
            "y": 243.55163703007264
        },
        {
            "h": 74,
            "id": 152,
            "w": 109,
            "x": 726,
            "y": 349
        },
        {
            "h": 59,
            "id": 44,
            "w": 115,
            "x": 735,
            "y": 1690
        },
        {
            "h": 47,
            "id": 59,
            "w": 114,
            "x": 764,
            "y": 1443
        },
        {
            "h": 80,
            "id": 92,
            "w": 136,
            "x": 803,
            "y": 1163
        },
        {
            "h": 50,
            "id": 33,
            "w": 221,
            "x": 806,
            "y": 1812
        },
        {
            "h": 99.26001295745436,
            "id": 116,
            "w": 145.88860072234817,
            "x": 826.0880421310625,
            "y": 721.8420124132475
        },
        {
            "h": 57,
            "id": 171,
            "w": 93,
            "x": 829,
            "y": 118
        },
        {
            "h": 45,
            "id": 105,
            "w": 117,
            "x": 859,
            "y": 937
        },
        {
            "h": 57,
            "id": 137,
            "w": 95,
            "x": 871,
            "y": 496
        },
        {
            "h": 48,
            "id": 149,
            "w": 124,
            "x": 874,
            "y": 378
        },
        {
            "h": 49,
            "id": 163,
            "w": 150,
            "x": 881,
            "y": 247
        },
        {
            "h": 69,
            "id": 23,
            "w": 167,
            "x": 881,
            "y": 1923
        },
        {
            "h": 66,
            "id": 41,
            "w": 174,
            "x": 906,
            "y": 1696
        },
        {
            "h": 66,
            "id": 53,
            "w": 165,
            "x": 909,
            "y": 1560
        },
        {
            "h": 80,
            "id": 131,
            "w": 142,
            "x": 926,
            "y": 595
        },
        {
            "h": 85,
            "id": 68,
            "w": 103,
            "x": 941,
            "y": 1416
        },
        {
            "h": 46,
            "id": 173,
            "w": 135,
            "x": 948,
            "y": 115
        },
        {
            "h": 90,
            "id": 10,
            "w": 125,
            "x": 950,
            "y": 2057
        },
        {
            "h": 55,
            "id": 98,
            "w": 205,
            "x": 955,
            "y": 1056
        },
        {
            "h": 48,
            "id": 84,
            "w": 127,
            "x": 978,
            "y": 1183
        },
        {
            "h": 115.30733777077602,
            "id": 76,
            "w": 251.76163655766285,
            "x": 939.9993017270838,
            "y": 1276.3183500065868
        },
        {
            "h": 107,
            "id": 141,
            "w": 230,
            "x": 1010,
            "y": 468
        },
        {
            "h": 49,
            "id": 107,
            "w": 118,
            "x": 1010,
            "y": 935
        },
        {
            "h": 53,
            "id": 115,
            "w": 126,
            "x": 1014,
            "y": 757
        },
        {
            "h": 46,
            "id": 148,
            "w": 105,
            "x": 1039,
            "y": 380
        },
        {
            "h": 55,
            "id": 166,
            "w": 198,
            "x": 1073,
            "y": 235
        },
        {
            "h": 82,
            "id": 24,
            "w": 137,
            "x": 1082,
            "y": 1913
        },
        {
            "h": 46,
            "id": 60,
            "w": 129,
            "x": 1093,
            "y": 1439
        },
        {
            "h": 72,
            "id": 124,
            "w": 162,
            "x": 1105,
            "y": 626
        },
        {
            "h": 65,
            "id": 51,
            "w": 124,
            "x": 1105,
            "y": 1561
        },
        {
            "h": 59,
            "id": 174,
            "w": 188,
            "x": 1110,
            "y": 114
        },
        {
            "h": 47,
            "id": 28,
            "w": 62,
            "x": 1116,
            "y": 1827
        },
        {
            "h": 75,
            "id": 9,
            "w": 69,
            "x": 1120,
            "y": 2063
        },
        {
            "h": 60,
            "id": 43,
            "w": 104,
            "x": 1121,
            "y": 1692
        },
        {
            "h": 79,
            "id": 109,
            "w": 155,
            "x": 1161,
            "y": 901
        },
        {
            "h": 84,
            "id": 155,
            "w": 228,
            "x": 1169,
            "y": 345
        },
        {
            "h": 60,
            "id": 114,
            "w": 100,
            "x": 1185,
            "y": 761
        },
        {
            "h": 59,
            "id": 99,
            "w": 176,
            "x": 1201,
            "y": 1045
        },
        {
            "h": 81.80717241745562,
            "id": 89,
            "w": 150.37163968100802,
            "x": 1164.194300165411,
            "y": 1155.332423237259
        },
        {
            "h": 63,
            "id": 32,
            "w": 188,
            "x": 1225,
            "y": 1817
        },
        {
            "h": 47,
            "id": 5,
            "w": 70,
            "x": 1228,
            "y": 2092
        },
        {
            "h": 50,
            "id": 79,
            "w": 120,
            "x": 1254,
            "y": 1303
        },
        {
            "h": 56,
            "id": 40,
            "w": 202,
            "x": 1255,
            "y": 1698
        },
        {
            "h": 73,
            "id": 55,
            "w": 62,
            "x": 1262,
            "y": 1534
        },
        {
            "h": 57,
            "id": 63,
            "w": 181,
            "x": 1279,
            "y": 1431
        },
        {
            "h": 84,
            "id": 134,
            "w": 80,
            "x": 1289,
            "y": 591
        },
        {
            "h": 53,
            "id": 161,
            "w": 145,
            "x": 1309,
            "y": 250
        },
        {
            "h": 104.66892931160268,
            "id": 17,
            "w": 165.05485006829664,
            "x": 1301.4749474595671,
            "y": 1923.1375542361732
        },
        {
            "h": 46,
            "id": 136,
            "w": 120,
            "x": 1315,
            "y": 510
        },
        {
            "h": 58,
            "id": 4,
            "w": 146,
            "x": 1338,
            "y": 2093
        },
        {
            "h": 60,
            "id": 175,
            "w": 95,
            "x": 1354,
            "y": 110
        },
        {
            "h": 49,
            "id": 91,
            "w": 109,
            "x": 1355,
            "y": 1166
        },
        {
            "h": 89,
            "id": 110,
            "w": 185,
            "x": 1376,
            "y": 895
        },
        {
            "h": 60,
            "id": 54,
            "w": 142,
            "x": 1376,
            "y": 1559
        },
        {
            "h": 63,
            "id": 101,
            "w": 156,
            "x": 1401,
            "y": 1035
        },
        {
            "h": 45,
            "id": 147,
            "w": 126,
            "x": 1422,
            "y": 381
        },
        {
            "h": 47,
            "id": 123,
            "w": 91,
            "x": 1445,
            "y": 631
        },
        {
            "h": 54.99999999999999,
            "id": 78,
            "w": 163.9932081744382,
            "x": 1455.5633359098235,
            "y": 1296.4720188919748
        },
        {
            "h": 88,
            "id": 37,
            "w": 136,
            "x": 1448,
            "y": 1794
        },
        {
            "h": 88,
            "id": 142,
            "w": 148,
            "x": 1457,
            "y": 466
        },
        {
            "h": 56,
            "id": 176,
            "w": 197,
            "x": 1476,
            "y": 105
        },
        {
            "h": 48,
            "id": 159,
            "w": 215.2472751967727,
            "x": 1484.0561823927414,
            "y": 251
        },
        {
            "h": 67,
            "id": 42,
            "w": 234,
            "x": 1497,
            "y": 1692
        },
        {
            "h": 92.80702717732383,
            "id": 61,
            "w": 115.44288746447602,
            "x": 1515.3108987599992,
            "y": 1415.3604769653505
        },
        {
            "h": 73,
            "id": 22,
            "w": 120,
            "x": 1508,
            "y": 1931
        },
        {
            "h": 86.89422265202967,
            "id": 87,
            "w": 215.61318752479153,
            "x": 1522.5459287387146,
            "y": 1146.760917011947
        },
        {
            "h": 75,
            "id": 3,
            "w": 131,
            "x": 1547,
            "y": 2100
        },
        {
            "h": 52,
            "id": 50,
            "w": 127,
            "x": 1561,
            "y": 1561
        },
        {
            "h": 95,
            "id": 133,
            "w": 164,
            "x": 1563,
            "y": 591
        },
        {
            "h": 48,
            "id": 108,
            "w": 105,
            "x": 1586,
            "y": 920
        },
        {
            "h": 50,
            "id": 100,
            "w": 202,
            "x": 1592,
            "y": 1037
        },
        {
            "h": 77,
            "id": 153,
            "w": 145,
            "x": 1603,
            "y": 348
        },
        {
            "h": 63,
            "id": 29,
            "w": 144,
            "x": 1622,
            "y": 1825
        },
        {
            "h": 45,
            "id": 15,
            "w": 98,
            "x": 1658,
            "y": 1965
        },
        {
            "h": 97,
            "id": 69,
            "w": 117,
            "x": 1677,
            "y": 1402
        },
        {
            "h": 80.3759242572129,
            "id": 2,
            "w": 109.77816255652732,
            "x": 1705.6109187217364,
            "y": 2084.2840567633684
        },
        {
            "h": 47,
            "id": 178,
            "w": 113,
            "x": 1710,
            "y": 97
        },
        {
            "h": 88.12774495833848,
            "id": 1667237902787,
            "w": 173.18930996598888,
            "x": 712.2174945890622,
            "y": 600.5742619383058
        }
    ],
    "file": "MdBasimAlJabirShammo210628_1.jpg"
}