{
    "boxes": [
        {
            "h": 108.75574231130874,
            "id": 151,
            "label": "\u098f\u09ac\u0982",
            "w": 122,
            "x": 35,
            "y": 562.6221288443453
        },
        {
            "h": 129.5228061772873,
            "id": 93,
            "label": "\u09ac\u09bf\u099c\u09cd\u099e\u099c\u09a8\u09c7",
            "w": 255,
            "x": 39.99999999999998,
            "y": 1348.2385969113561
        },
        {
            "h": 59,
            "id": 59,
            "label": "\u099b\u09be\u09af\u09bc\u09be",
            "w": 138,
            "x": 51,
            "y": 1767
        },
        {
            "h": 115.25885704025302,
            "id": 175,
            "label": "\u09b8\u09ac\u09c1\u099c\u09c7",
            "w": 198,
            "x": 51.999999999999986,
            "y": 323.87057147987343
        },
        {
            "h": 133.82798499828877,
            "id": 112,
            "label": "\u09b0\u0999\u09c7\u09b0",
            "w": 182,
            "x": 52,
            "y": 1077.0860075008557
        },
        {
            "h": 114.3160921641719,
            "id": 104,
            "label": "\u09b2\u09a3\u09cd\u09a1\u09ad\u09a3\u09cd\u09a1",
            "w": 222,
            "x": 52.000000000000014,
            "y": 1227.841953917914
        },
        {
            "h": 107.4550934840328,
            "id": 185,
            "label": "\u0993\u09b8\u09ae\u09be\u09a8",
            "w": 188,
            "x": 56.00000000000001,
            "y": 206.77245325798359
        },
        {
            "h": 140.32263365802964,
            "id": 163,
            "label": "\u09a1\u09be\u0995",
            "w": 138,
            "x": 56.00000000000001,
            "y": 429.3386831709851
        },
        {
            "h": 104.62021384451292,
            "id": 80,
            "label": "\u09ae\u09c7\u09b2\u09c7",
            "w": 152,
            "x": 54.827147770569105,
            "y": 1500.394162904903
        },
        {
            "h": 143.05597404942628,
            "id": 38,
            "label": "\u099a\u09be\u0981\u09a6",
            "w": 112.00000000000001,
            "x": 51.308591082276436,
            "y": 1835.6762828024466
        },
        {
            "h": 103.51815794367369,
            "id": 194,
            "label": "\u09ac\u09b0\u09cd\u09b7\u09be\u09ae\u09c1\u0996\u09b0",
            "w": 215,
            "x": 60.221197065746274,
            "y": 105.43999971255523
        },
        {
            "h": 124.40399918988554,
            "id": 121,
            "label": "\u09b9\u09c3\u09a6\u09af\u09bc\u09c7\u09b0",
            "w": 205,
            "x": 64.99999999999999,
            "y": 955.2980004050571
        },
        {
            "h": 108.11818456278,
            "id": 68,
            "label": "\u09ae\u09c7\u0998\u09c7\u09a4\u09c7",
            "w": 219,
            "x": 67,
            "y": 1624.4409077186097
        },
        {
            "h": 128.47951702846072,
            "id": 125,
            "label": "\u0964",
            "w": 149,
            "x": 79.99999999999997,
            "y": 810.2602414857696
        },
        {
            "h": 156.10058506107652,
            "id": 141,
            "label": "\u09b9\u09a0\u09be\u09ce",
            "w": 113,
            "x": 81,
            "y": 656.4497074694616
        },
        {
            "h": 104.58344408005426,
            "id": 26,
            "label": "\u09af\u09c7",
            "w": 101,
            "x": 79.82714777056914,
            "y": 2001.412547787133
        },
        {
            "h": 116.70649713524756,
            "id": 21,
            "label": "\u09ac\u09bf\u09a8\u09be\u09b6",
            "w": 164,
            "x": 84,
            "y": 2125.646751432376
        },
        {
            "h": 141.00578837648058,
            "id": 10,
            "label": "\u0994\u09b7\u09a7\u09c7\u09b0",
            "w": 215,
            "x": 109.99999999999999,
            "y": 2246.4971058117594
        },
        {
            "h": 42.71441372397238,
            "id": 160,
            "label": ",",
            "w": 46.4287105695352,
            "x": 184.28564471523242,
            "y": 506.1427931380137
        },
        {
            "h": 121.3168763637759,
            "id": 37,
            "label": "\u0986\u09b2\u09cb\u09af\u09bc",
            "w": 244,
            "x": 208.99999999999997,
            "y": 1866.3415618181118
        },
        {
            "h": 74,
            "id": 62,
            "label": "\u0990",
            "w": 85,
            "x": 218,
            "y": 1746
        },
        {
            "h": 124.78228242926552,
            "id": 153,
            "label": "\u09a4\u09be\u09b0\u0987",
            "w": 163,
            "x": 223,
            "y": 546.6088587853671
        },
        {
            "h": 115.21588554863908,
            "id": 25,
            "label": "\u099c\u09b2\u09c7\u09a4\u09c7",
            "w": 253,
            "x": 230,
            "y": 2008.39205722568
        },
        {
            "h": 103.23503380614667,
            "id": 110,
            "label": "\u09ab\u09c1\u09b2\u09c7",
            "w": 153,
            "x": 251.00000000000006,
            "y": 1117.3824830969265
        },
        {
            "h": 121.47542116634646,
            "id": 165,
            "label": "\u09ae\u09be\u099f\u09bf\u09b0",
            "w": 156,
            "x": 252,
            "y": 433.26228941682666
        },
        {
            "h": 127.58328483441333,
            "id": 134,
            "label": "\u09af\u09c7\u09a8",
            "w": 138.45181578380573,
            "x": 256.86513263804164,
            "y": 694.847721799813
        },
        {
            "h": 130.39115181543238,
            "id": 186,
            "label": "\u09ad\u09c1\u0981\u0987\u099e\u09be",
            "w": 201,
            "x": 265.1059853287314,
            "y": 198.40473119748634
        },
        {
            "h": 118.71235252492534,
            "id": 22,
            "label": "\u0998\u099f\u09be\u09af\u09bc",
            "w": 174,
            "x": 283.51855668829273,
            "y": 2123.6438237375364
        },
        {
            "h": 108.76088188277669,
            "id": 171,
            "label": "\u098b\u09a6\u09cd\u09a7",
            "w": 126,
            "x": 293.0680407319447,
            "y": 338.6404052643531
        },
        {
            "h": 76,
            "id": 200,
            "label": "\u09a6\u09bf\u09a8",
            "w": 110,
            "x": 303,
            "y": 109
        },
        {
            "h": 112.03567146514658,
            "id": 79,
            "label": "\u09b6\u09cd\u09b0\u09be\u09ac\u09a8\u09c7",
            "w": 195,
            "x": 305.99999999999994,
            "y": 1514.9821642674267
        },
        {
            "h": 95.00550826366485,
            "id": 103,
            "label": "\u09b9\u09df\u09c7",
            "w": 148,
            "x": 319.40149324500936,
            "y": 1255.1366100851876
        },
        {
            "h": 74,
            "id": 56,
            "label": "\u09a6\u09c7\u0996\u09cb",
            "w": 167,
            "x": 326,
            "y": 1775
        },
        {
            "h": 119.54615036092619,
            "id": 67,
            "label": "\u09a2\u09be\u0995\u09c7",
            "w": 154,
            "x": 327.99999999999994,
            "y": 1626.2269248195366
        },
        {
            "h": 104.60361759962915,
            "id": 119,
            "label": "\u099a\u099e\u09cd\u099a\u09b2\u09a4\u09be",
            "w": 239,
            "x": 328.99999999999994,
            "y": 970.1981912001854
        },
        {
            "h": 116.44302087591628,
            "id": 92,
            "label": "\u09ac\u09b2\u09c7",
            "w": 138,
            "x": 358,
            "y": 1383.2784895620416
        },
        {
            "h": 117.37560961144935,
            "id": 8,
            "label": "\u09b8\u09be\u09a7\u09cd\u09af",
            "w": 177,
            "x": 374,
            "y": 2261.3121951942753
        },
        {
            "h": 115.39985035751891,
            "id": 138,
            "label": "\u09ac\u09c3\u09b7\u09cd\u099f\u09bf\u09a4\u09c7",
            "w": 198,
            "x": 420,
            "y": 692.3000748212404
        },
        {
            "h": 108.31405919609975,
            "id": 196,
            "label": "\u09b6\u09c7\u09b7\u09c7",
            "w": 140,
            "x": 419.1059853287315,
            "y": 105.14235619154483
        },
        {
            "h": 133.22312815182633,
            "id": 176,
            "label": "\u09ac\u09a8\u09ad\u09c2\u09ae\u09bf\u09b0",
            "w": 240,
            "x": 443,
            "y": 313.8884359240868
        },
        {
            "h": 41.62551096352958,
            "id": 180,
            "label": ",",
            "w": 39.960490524988415,
            "x": 462.57736060601343,
            "y": 268.4866303078297
        },
        {
            "h": 136.7056008340222,
            "id": 164,
            "label": "\u0989\u09aa\u09b0",
            "w": 165,
            "x": 465.1970135099814,
            "y": 432.6471995829886
        },
        {
            "h": 127.41956020814979,
            "id": 100,
            "label": "\u09af\u09be\u09af\u09bc",
            "w": 146,
            "x": 486.00000000000006,
            "y": 1244.7902198959248
        },
        {
            "h": 150.09372262062413,
            "id": 72,
            "label": "\u09ac\u09c3\u09b7\u09cd\u099f\u09bf",
            "w": 146,
            "x": 490.00000000000006,
            "y": 1591.4531386896876
        },
        {
            "h": 103.35191100288061,
            "id": 91,
            "label": "\u09b6\u09be\u09a8\u09cd\u09a4",
            "w": 141,
            "x": 507,
            "y": 1387.3240444985595
        },
        {
            "h": 129.5173384826807,
            "id": 30,
            "label": "\u0988\u09b6\u09cd\u09ac\u09b0",
            "w": 186.00000000000003,
            "x": 512,
            "y": 1980.7413307586594
        },
        {
            "h": 134.79477421570917,
            "id": 111,
            "label": "\u0995\u09c1\u099c\u09cd\u099d\u099f\u09bf\u0995\u09be",
            "w": 296,
            "x": 520,
            "y": 1095.6026128921453
        },
        {
            "h": 116.23831458137649,
            "id": 187,
            "label": "\u0988\u09b7\u09be\u09a8",
            "w": 149,
            "x": 530.0000000000002,
            "y": 201.88084270931174
        },
        {
            "h": 73,
            "id": 54,
            "label": "\u09a5\u09c7\u09ae\u09c7",
            "w": 156,
            "x": 557,
            "y": 1776
        },
        {
            "h": 128.31103894307654,
            "id": 17,
            "label": "\u09b0\u09cb\u0997",
            "w": 128,
            "x": 552.6542955411381,
            "y": 2122.855155096362
        },
        {
            "h": 42.6225145746542,
            "id": 189,
            "label": ",",
            "w": 44.26184205829475,
            "x": 552.3690789708526,
            "y": 167.68874271267288
        },
        {
            "h": 124.30699124565342,
            "id": 84,
            "label": "\u0989\u09a4\u09cd\u09a4\u09b0",
            "w": 171,
            "x": 564,
            "y": 1489.846504377173
        },
        {
            "h": 113.66181633786069,
            "id": 9,
            "label": "\u0995\u09c0",
            "w": 111,
            "x": 571,
            "y": 2252.1690918310696
        },
        {
            "h": 102.03176536617978,
            "id": 118,
            "label": "\u09ac\u09a8\u09cd\u09a7\u09c7",
            "w": 130,
            "x": 599,
            "y": 982.48411731691
        },
        {
            "h": 138.01082530495032,
            "id": 34,
            "label": "\u0985\u0982\u09b6\u09c1\u09ae\u09be\u09a8",
            "w": 271.23815417909066,
            "x": 511.8867649452514,
            "y": 1862.494587347524
        },
        {
            "h": 106.51734481063059,
            "id": 147,
            "label": "\u099c\u09ae\u09c7",
            "w": 173.00000000000003,
            "x": 616,
            "y": 603.7413275946847
        },
        {
            "h": 138.92458062070136,
            "id": 201,
            "label": "\u098a\u09b0\u09cd\u09a6\u09cd\u09a7\u09aa\u09be\u09a8\u09c7",
            "w": 238,
            "x": 623,
            "y": 77.03770968964932
        },
        {
            "h": 90,
            "id": 135,
            "label": "\u09a7\u09c1\u09af\u09bc\u09c7",
            "w": 147,
            "x": 663,
            "y": 727
        },
        {
            "h": 106.42332532826121,
            "id": 90,
            "label": "\u09ad\u09be\u09ac\u09c7",
            "w": 168,
            "x": 665,
            "y": 1393.288337335869
        },
        {
            "h": 125.41391422172667,
            "id": 102,
            "label": "\u09a7\u09b0\u09be\u09b0",
            "w": 100,
            "x": 680.1728522294309,
            "y": 1251.1909079755558
        },
        {
            "h": 93.31485819332286,
            "id": 6,
            "label": "\u09ac\u09be",
            "w": 105,
            "x": 694,
            "y": 2281.3425709033377
        },
        {
            "h": 124.94978996126842,
            "id": 66,
            "label": "\u09a8\u09be\u09ae\u09c7",
            "w": 146.99999999999997,
            "x": 695,
            "y": 1634.0251050193656
        },
        {
            "h": 130.79042467723752,
            "id": 162,
            "label": "\u09b6\u09c1\u0995\u09a8\u09cb",
            "w": 202,
            "x": 700,
            "y": 477.60478766138124
        },
        {
            "h": 125.27074842179017,
            "id": 20,
            "label": "\u09af\u09a6\u09bf",
            "w": 157,
            "x": 701,
            "y": 2125.8646257891046
        },
        {
            "h": 117.89290389653267,
            "id": 184,
            "label": "\u0995\u09cb\u09a3\u09c7",
            "w": 138,
            "x": 702,
            "y": 221.55354805173363
        },
        {
            "h": 120.68201669125135,
            "id": 24,
            "label": "\u09a4\u09c3\u09b7\u09cd\u09a3\u09be",
            "w": 166,
            "x": 721.8271477705691,
            "y": 2007.6589916543737
        },
        {
            "h": 114.12960123831364,
            "id": 174,
            "label": "\u09a8\u09bf\u09b0\u09cd\u099c\u09a8\u09a4\u09be",
            "w": 228,
            "x": 728,
            "y": 336.93519938084313
        },
        {
            "h": 159.37711764800068,
            "id": 122,
            "label": "\u09ac\u09cd\u09b0\u09a4\u09c0",
            "w": 181,
            "x": 740,
            "y": 939.8114411759997
        },
        {
            "h": 72,
            "id": 53,
            "label": "\u0997\u09c7\u099b\u09c7",
            "w": 140,
            "x": 746,
            "y": 1776
        },
        {
            "h": 138.97061141631565,
            "id": 76,
            "label": "\u09aa\u09c2\u09b0\u09cd\u09ac",
            "w": 107,
            "x": 761.172852229431,
            "y": 1513.0146942918416
        },
        {
            "h": 77,
            "id": 130,
            "label": "\u09ae\u09c1\u099b\u09c7",
            "w": 154,
            "x": 818,
            "y": 762
        },
        {
            "h": 115.22739667746819,
            "id": 7,
            "label": "\u09a4\u09be\u09b0\u09c7",
            "w": 175,
            "x": 830,
            "y": 2281.3863016612654
        },
        {
            "h": 115.98417773133069,
            "id": 146,
            "label": "\u09a5\u09be\u0995\u09be",
            "w": 135,
            "x": 834,
            "y": 603.5079111343344
        },
        {
            "h": 116.62096516172254,
            "id": 108,
            "label": "\u09aa\u09cd\u09b0\u09ad\u099e\u09cd\u099c\u09a8",
            "w": 262,
            "x": 834,
            "y": 1133.1895174191384
        },
        {
            "h": 119.08384970024639,
            "id": 33,
            "label": "\u09b8\u09c1\u0996",
            "w": 123,
            "x": 836.1020610979172,
            "y": 1867.9997675613595
        },
        {
            "h": 139.22375515218738,
            "id": 99,
            "label": "\u0985\u0999\u09cd\u0997\u09a8",
            "w": 187,
            "x": 847,
            "y": 1259.388122423906
        },
        {
            "h": 101.34842098243004,
            "id": 87,
            "label": "\u098f",
            "w": 50,
            "x": 856,
            "y": 1389.325789508785
        },
        {
            "h": 109.48167101859369,
            "id": 183,
            "label": "\u09a4\u0996\u09a8",
            "w": 180,
            "x": 859.0000000000001,
            "y": 222.7591644907031
        },
        {
            "h": 127.5700336041333,
            "id": 70,
            "label": "\u09ae\u09be\u09a0\u09c7",
            "w": 161,
            "x": 892,
            "y": 1618.214983197933
        },
        {
            "h": 112,
            "id": 83,
            "label": "\u09a6\u09bf\u0995\u09c7",
            "w": 147,
            "x": 895,
            "y": 1511
        },
        {
            "h": 92.78462556954204,
            "id": 15,
            "label": "\u09a6\u09c7\u09b9",
            "w": 107,
            "x": 901,
            "y": 2167.1076872152285
        },
        {
            "h": 114.26994659914823,
            "id": 195,
            "label": "\u099a\u09c7\u09af\u09bc\u09c7",
            "w": 122,
            "x": 909,
            "y": 108.86502670042586
        },
        {
            "h": 142.09534252872672,
            "id": 29,
            "label": "\u09ae\u09c7\u099f\u09be\u09af\u09bc",
            "w": 194,
            "x": 913,
            "y": 1985.9523287356362
        },
        {
            "h": 132.18591408551978,
            "id": 159,
            "label": "\u09aa\u09be\u09a4\u09be",
            "w": 128,
            "x": 927,
            "y": 480.90704295724004
        },
        {
            "h": 130.1923108753362,
            "id": 116,
            "label": "\u09b9\u09b2\u09c7",
            "w": 152,
            "x": 936,
            "y": 988.4038445623318
        },
        {
            "h": 130.28379461809257,
            "id": 88,
            "label": "\u09ac\u09cd\u09b0\u09b9\u09cd\u09ae\u09be\u09a3\u09cd\u09a1\u09c7",
            "w": 255.28565351993066,
            "x": 944.6042522226375,
            "y": 1387.3581026909521
        },
        {
            "h": 120.16918198963234,
            "id": 170,
            "label": "\u099a\u09bf\u09b0\u09c7",
            "w": 135,
            "x": 1003,
            "y": 358.9154090051838
        },
        {
            "h": 114.86405131686865,
            "id": 129,
            "label": "\u09a7\u09c2\u09b8\u09b0",
            "w": 161,
            "x": 1013,
            "y": 746.0679743415657
        },
        {
            "h": 116.90670944604565,
            "id": 145,
            "label": "\u09a2\u09c7\u09b0",
            "w": 114,
            "x": 1012.3865607949169,
            "y": 617.6860094939971
        },
        {
            "h": 111.69958462348546,
            "id": 16,
            "label": "\u099b\u09c7\u09a1\u09bc\u09c7",
            "w": 179,
            "x": 1036,
            "y": 2152.650207688257
        },
        {
            "h": 105.44058523664758,
            "id": 198,
            "label": "\u09af\u0996\u09a8",
            "w": 127,
            "x": 1056,
            "y": 103.27970738167618
        },
        {
            "h": 109.71313102832013,
            "id": 4,
            "label": "\u09b8\u09c1\u09b8\u09cd\u09a5",
            "w": 138,
            "x": 1059,
            "y": 2282.1434344858394
        },
        {
            "h": 123.12284643380438,
            "id": 182,
            "label": "\u0985\u09a8\u09cd\u09a7\u0995\u09be\u09b0",
            "w": 264,
            "x": 1069.2211970657463,
            "y": 234.33826967789508
        },
        {
            "h": 112.41971794036546,
            "id": 69,
            "label": "\u098a\u09b7\u09be\u09b0",
            "w": 219,
            "x": 1074,
            "y": 1629.290141029817
        },
        {
            "h": 144.2974200542227,
            "id": 81,
            "label": "\u09b9\u09a0\u09be\u09ce",
            "w": 150,
            "x": 1087.0000000000002,
            "y": 1500.3512899728885
        },
        {
            "h": 129.78521021194882,
            "id": 157,
            "label": "\u099d\u09b0\u09c7",
            "w": 108,
            "x": 1099.9999999999998,
            "y": 507.6073948940255
        },
        {
            "h": 96,
            "id": 101,
            "label": "\u0995\u09cd\u09b7\u09bf\u09aa\u09cd\u09a4",
            "w": 184,
            "x": 1104,
            "y": 1280
        },
        {
            "h": 139.33253604480794,
            "id": 120,
            "label": "\u099c\u09c0\u09ac\u09a8",
            "w": 177,
            "x": 1106.0000000000002,
            "y": 959.8337319775958
        },
        {
            "h": 135.56706296824962,
            "id": 107,
            "label": "\u09b6\u0999\u09cd\u0995\u09be\u09b0",
            "w": 204,
            "x": 1131,
            "y": 1133.716468515875
        },
        {
            "h": 127.25308090680075,
            "id": 28,
            "label": "\u09b8\u09c7\u0987",
            "w": 118,
            "x": 1153,
            "y": 1996.3734595465992
        },
        {
            "h": 103.99673551306249,
            "id": 143,
            "label": "\u09aa\u09c1\u09b0\u09cb\u09a8\u09cb",
            "w": 235,
            "x": 1175.9999999999998,
            "y": 650.0016322434686
        },
        {
            "h": 116.47659803541838,
            "id": 197,
            "label": "\u0986\u09b7\u09be\u09a2\u09bc\u09c7",
            "w": 189,
            "x": 1206.0000000000002,
            "y": 103.06108677188547
        },
        {
            "h": 140.61114453739242,
            "id": 131,
            "label": "\u099c\u09c0\u09ac\u09a8\u09c7",
            "w": 205,
            "x": 1207,
            "y": 744.6944277313037
        },
        {
            "h": 99.59134046689532,
            "id": 50,
            "label": "\u0996\u09c7\u09af\u09bc\u09be",
            "w": 158,
            "x": 1234.5185566882926,
            "y": 1777.7043297665518
        },
        {
            "h": 95.4149764067498,
            "id": 14,
            "label": "\u09ae\u09a8\u09c7",
            "w": 137,
            "x": 1234,
            "y": 2169.2925117966247
        },
        {
            "h": 115.79796571639292,
            "id": 3,
            "label": "\u0995\u09b0\u09c7",
            "w": 110,
            "x": 1242,
            "y": 2289.6010171418025
        },
        {
            "h": 101.62701595819232,
            "id": 169,
            "label": "\u09a5\u09c7\u0995\u09c7",
            "w": 153,
            "x": 1249.9659796340275,
            "y": 393.1864920209037
        },
        {
            "h": 132.0156680311866,
            "id": 39,
            "label": "\u09aa\u09be\u09b6\u09be\u09aa\u09be\u09b6\u09bf",
            "w": 310,
            "x": 1259.4814433117074,
            "y": 1873.2878961572455
        },
        {
            "h": 112.81282397169579,
            "id": 74,
            "label": "\u099d\u09a1\u09bc",
            "w": 117,
            "x": 1296,
            "y": 1540.5935880141517
        },
        {
            "h": 5,
            "id": 115,
            "w": 10,
            "x": 1307,
            "y": 1037
        },
        {
            "h": 107.78702668073225,
            "id": 23,
            "label": "\u099c\u09b2\u09c7\u09a4\u09c7",
            "w": 224.00000000000003,
            "x": 1307,
            "y": 2033.6064866596334
        },
        {
            "h": 118.55433244466302,
            "id": 96,
            "label": "\u09b9\u09b2\u09c7",
            "w": 169,
            "x": 1316,
            "y": 1293.2228337776683
        },
        {
            "h": 118.28296938489972,
            "id": 154,
            "label": "\u09aa\u09a1\u09bc\u09c7",
            "w": 173.03516704447551,
            "x": 1231.2555380675963,
            "y": 509.3585153075496
        },
        {
            "h": 136.54238036785262,
            "id": 117,
            "label": "\u09aa\u09b0\u09bf\u09aa\u09c2\u09b0\u09cd\u09a3",
            "w": 201,
            "x": 1331,
            "y": 986.7288098160735
        },
        {
            "h": 127.3343847525942,
            "id": 65,
            "label": "\u0986\u0995\u09be\u09b6\u09c7",
            "w": 222,
            "x": 1347,
            "y": 1658.3328076237026
        },
        {
            "h": 102.72390954510163,
            "id": 106,
            "label": "\u0995\u09be\u09b0\u09a3",
            "w": 161,
            "x": 1354,
            "y": 1161.638045227449
        },
        {
            "h": 110.51161189106081,
            "id": 5,
            "label": "?",
            "w": 39.99999999999999,
            "x": 1377,
            "y": 2276.7441940544686
        },
        {
            "h": 112.89917031914827,
            "id": 181,
            "label": "\u09ae\u09c7\u0998\u09c7\u09b0",
            "w": 163,
            "x": 1372.884788262985,
            "y": 255.34980063002044
        },
        {
            "h": 119.83947676223546,
            "id": 19,
            "label": "\u0997\u09bf\u09af\u09bc\u09c7",
            "w": 176,
            "x": 1394,
            "y": 2149.0802616188817
        },
        {
            "h": 113.79726187976304,
            "id": 166,
            "label": "\u09b9\u09a4\u09c7",
            "w": 150,
            "x": 1419.894014671269,
            "y": 394.40075484971294
        },
        {
            "h": 119.20528723380582,
            "id": 193,
            "label": "\u0997\u09b2\u09cd\u09aa",
            "w": 128,
            "x": 1429,
            "y": 107.89735638309708
        },
        {
            "h": 121.7458816964928,
            "id": 161,
            "label": "\u0994\u09a6\u09be\u09b8\u09c0\u09a8\u09cd\u09af\u09c7",
            "w": 283,
            "x": 1432,
            "y": 511.1270591517536
        },
        {
            "h": 115.96562895937552,
            "id": 128,
            "label": "\u09b0\u0999\u09a7\u09a8\u09c1",
            "w": 217,
            "x": 1440,
            "y": 779.0171855203121
        },
        {
            "h": 132.61684550063583,
            "id": 142,
            "label": "\u0997\u09ad\u09c0\u09b0",
            "w": 177,
            "x": 1443,
            "y": 636.1915772496819
        },
        {
            "h": 142.28315732012712,
            "id": 78,
            "label": "\u0989\u09a0\u09c7",
            "w": 146,
            "x": 1460,
            "y": 1524.358421339936
        },
        {
            "h": 89.0181076528255,
            "id": 49,
            "label": "\u09b6\u09b0\u09ce",
            "w": 130.6369631788219,
            "x": 1466.181518410589,
            "y": 1799.990946173587
        },
        {
            "h": 117.55117368890791,
            "id": 95,
            "label": "\u09b8\u09be\u0999\u09cd\u0997",
            "w": 126,
            "x": 1503,
            "y": 1294.2244131555458
        },
        {
            "h": 102.97211524799295,
            "id": 114,
            "label": "\u09b9\u09ac\u09c7",
            "w": 134,
            "x": 1538,
            "y": 1035.0139423760033
        },
        {
            "h": 119.09833967688043,
            "id": 85,
            "label": "\u09ac\u09be\u099e\u09cd\u099b\u09bf\u09a4\u09ab\u09b2",
            "w": 295,
            "x": 1555,
            "y": 1437.9508301615597
        },
        {
            "h": 123.85115882361971,
            "id": 27,
            "label": "\u099c\u09c0\u09ac\u0995\u09c1\u09b2\u09c7",
            "w": 259,
            "x": 1553.8271477705691,
            "y": 2017.6765555017696
        },
        {
            "h": 128.62338369238492,
            "id": 167,
            "label": "\u0990\u09b0\u09be\u09ac\u09a4\u09c7\u09b0",
            "w": 247,
            "x": 1571,
            "y": 401.1883081538075
        },
        {
            "h": 159.60639169090064,
            "id": 179,
            "label": "\u0986\u09a1\u09bc\u09ae\u09cd\u09ac\u09b0",
            "w": 224.00000000000003,
            "x": 1575.4014932450089,
            "y": 231.97553258859028
        },
        {
            "h": 118.74890886924031,
            "id": 192,
            "label": "\u09b6\u09cb\u09a8\u09be\u09a4\u09c7",
            "w": 217,
            "x": 1585,
            "y": 118.12554556537982
        },
        {
            "h": 114.96168116673954,
            "id": 64,
            "label": "\u09b8\u09a8\u09cd\u09a7\u09cd\u09af\u09be\u09b0",
            "w": 200,
            "x": 1594.9999999999995,
            "y": 1679.5191594166301
        },
        {
            "h": 117.98355991507678,
            "id": 32,
            "label": "\u09b8\u09b9",
            "w": 83.51184716307947,
            "x": 1596.5829082586222,
            "y": 1883.7124898696202
        },
        {
            "h": 125.89580654866447,
            "id": 18,
            "label": "\u09a7\u09b0\u09c7",
            "w": 129,
            "x": 1598,
            "y": 2156.0520967256675
        },
        {
            "h": 150.7665585185964,
            "id": 139,
            "label": "\u09a6\u09c1\u0983\u0996",
            "w": 138.02572258744743,
            "x": 1607.5095373814152,
            "y": 642.5348133917622
        },
        {
            "h": 105.94004471583338,
            "id": 48,
            "label": "\u098b\u09a4\u09c1\u09a4\u09c7",
            "w": 208,
            "x": 1619,
            "y": 1797.5299776420827
        },
        {
            "h": 94.45367884047174,
            "id": 94,
            "label": "\u09b9\u09ac\u09c7",
            "w": 119,
            "x": 1644.0000000000002,
            "y": 1317.273160579764
        },
        {
            "h": 104.36925440847976,
            "id": 73,
            "label": "\u0997\u0997\u09a8",
            "w": 177,
            "x": 1644.0000000000002,
            "y": 1557.8153727957597
        },
        {
            "h": 100.80815870988717,
            "id": 127,
            "label": "\u098f\u09a8\u09c7",
            "w": 126,
            "x": 1667,
            "y": 813.5959206450563
        },
        {
            "h": 32,
            "id": 149,
            "label": ",",
            "w": 37,
            "x": 1687,
            "y": 607
        },
        {
            "h": 114.74573443900117,
            "id": 113,
            "label": "\u09a8\u09be\u09a8\u09be",
            "w": 137,
            "x": 1687,
            "y": 1028.127132780499
        },
        {
            "h": 153.2986855636678,
            "id": 190,
            "label": "\u09ac\u09b8\u09c7",
            "w": 102,
            "x": 1826,
            "y": 117.35065721816609
        },
        {
            "h": 112.7949300002574,
            "id": 1667240210112,
            "label": "\u09ab\u09be\u0981\u0995\u09c7",
            "w": 185.17994583057845,
            "x": 404.9759802883447,
            "y": 573.5601890701618
        },
        {
            "h": 114.62420907613483,
            "id": 1667241092151,
            "label": "\u09aa\u09be\u09b0\u09be\u09aa\u09be\u09b0\u09c7",
            "w": 299.83771717028407,
            "x": 916.0704144709366,
            "y": 1758.6514119515964
        },
        {
            "h": 122.76654648656861,
            "id": 1667241199247,
            "label": "\u09a6\u09c1\u0983\u0996",
            "w": 165.0940559251236,
            "x": 966.0594272580698,
            "y": 1864.5268704068724
        },
        {
            "h": 109.73188242265377,
            "id": 1667243824151,
            "label": "\u0985\u09ac\u09b8\u09cd\u09a5\u09be\u09a8",
            "w": 234.60727145620476,
            "x": 1684.9637804553442,
            "y": 1897.6408187694465
        }
    ],
    "file": "RajiaSultana170602_1.jpg"
}