{
    "boxes": [
        {
            "h": 78,
            "id": 23,
            "label": "\u09ac\u09bf\u09a8\u09be\u09b6",
            "w": 215,
            "x": 1,
            "y": 1619
        },
        {
            "h": 141.05515692736634,
            "id": 58,
            "label": "\u09b8\u09a8\u09cd\u09a7\u09cd\u09af\u09be\u09b0",
            "w": 254.0000000000001,
            "x": 2.0000000000000004,
            "y": 1259.365846962288
        },
        {
            "h": 78,
            "id": 7,
            "label": "\u09b8\u09be\u09a7\u09cd\u09af",
            "w": 148,
            "x": 5,
            "y": 1743
        },
        {
            "h": 95,
            "id": 46,
            "label": "\u098b\u09a4\u09c1\u09a4\u09c7",
            "w": 207,
            "x": 9,
            "y": 1401
        },
        {
            "h": 80,
            "id": 35,
            "label": "\u0985\u09ac\u09b8\u09cd\u09a5\u09be\u09a8",
            "w": 219,
            "x": 12,
            "y": 1527
        },
        {
            "h": 64,
            "id": 77,
            "label": "\u09ac\u09cd\u09b0\u09b9\u09cd\u09ae\u09be\u09a3\u09cd\u09a1\u09c7",
            "w": 240,
            "x": 16,
            "y": 1082
        },
        {
            "h": 96,
            "id": 69,
            "label": "\u0989\u09a0\u09c7",
            "w": 145,
            "x": 17,
            "y": 1157
        },
        {
            "h": 100,
            "id": 120,
            "label": "\u099c\u09c0\u09ac\u09a8\u09c7",
            "w": 183,
            "x": 18,
            "y": 552
        },
        {
            "h": 94.15160998308664,
            "id": 107,
            "label": "\u09b9\u09c3\u09a6\u09af\u09bc\u09c7\u09b0",
            "w": 231.00000000000006,
            "x": 18.497697947050025,
            "y": 763.3428109274059
        },
        {
            "h": 57,
            "id": 88,
            "label": "\u0985\u0999\u09cd\u0997\u09a8",
            "w": 191,
            "x": 25,
            "y": 975
        },
        {
            "h": 69,
            "id": 101,
            "label": "\u09ab\u09c1\u09b2\u09c7",
            "w": 139,
            "x": 28,
            "y": 881
        },
        {
            "h": 51,
            "id": 125,
            "label": "\u09a5\u09be\u0995\u09be",
            "w": 141,
            "x": 35,
            "y": 499
        },
        {
            "h": 77,
            "id": 139,
            "label": "\u0989\u09aa\u09b0",
            "w": 159,
            "x": 42,
            "y": 383
        },
        {
            "h": 90,
            "id": 155,
            "label": "\u098b\u09a6\u09cd\u09a7",
            "w": 135,
            "x": 52,
            "y": 288
        },
        {
            "h": 65.63456215160497,
            "id": 162,
            "label": "\u0993\u09b8\u09ae\u09be\u09a8",
            "w": 236.95671028700653,
            "x": 43.04984492444666,
            "y": 213.68271892419753
        },
        {
            "h": 85.4684142395589,
            "id": 173,
            "label": "\u09ac\u09b0\u09cd\u09b7\u09be\u09ae\u09c1\u0996\u09b0",
            "w": 237.00000000000003,
            "x": 57.922186699694144,
            "y": 104.98841454917077
        },
        {
            "h": 84,
            "id": 9,
            "label": "\u0995\u09c0",
            "w": 120,
            "x": 172,
            "y": 1735
        },
        {
            "h": 88.08672018896864,
            "id": 66,
            "label": "\u0997\u0997\u09a8",
            "w": 150.00000000000003,
            "x": 185.00000000000003,
            "y": 1172.4566399055159
        },
        {
            "h": 54,
            "id": 122,
            "label": "\u09a2\u09c7\u09b0",
            "w": 117,
            "x": 188,
            "y": 502
        },
        {
            "h": 90,
            "id": 153,
            "label": "\u09ac\u09a8\u09ad\u09c2\u09ae\u09bf\u09b0",
            "w": 243,
            "x": 201,
            "y": 293
        },
        {
            "h": 92.77137307067356,
            "id": 134,
            "label": "\u09b6\u09c1\u0995\u09a8\u09cb",
            "w": 191.00000000000006,
            "x": 210.00000000000003,
            "y": 389.25615507692646
        },
        {
            "h": 89,
            "id": 119,
            "label": "\u09b0\u0999\u09a7\u09a8\u09c1",
            "w": 188,
            "x": 225,
            "y": 577
        },
        {
            "h": 41,
            "id": 85,
            "label": "\u0964",
            "w": 17,
            "x": 233,
            "y": 979
        },
        {
            "h": 83,
            "id": 22,
            "label": "\u0998\u099f\u09be\u09af\u09bc",
            "w": 162,
            "x": 238,
            "y": 1626
        },
        {
            "h": 107.87237794047691,
            "id": 44,
            "label": "\u099a\u09be\u0981\u09a6",
            "w": 122.00000000000001,
            "x": 241.00000000000003,
            "y": 1407.5638110297614
        },
        {
            "h": 83,
            "id": 90,
            "label": "\u0995\u09cd\u09b7\u09bf\u09aa\u09cd\u09a4",
            "w": 177,
            "x": 269,
            "y": 961
        },
        {
            "h": 109.97817835168865,
            "id": 57,
            "label": "\u099b\u09be\u09af\u09bc\u09be",
            "w": 166.00000000000003,
            "x": 271,
            "y": 1296.5109108241556
        },
        {
            "h": 93.14915953779933,
            "id": 73,
            "label": "\u09ac\u09be\u099e\u09cd\u099b\u09bf\u09a4\u09ab\u09b2",
            "w": 288.0000000000001,
            "x": 270.94359986410024,
            "y": 1061.209103455627
        },
        {
            "h": 93.00000000000003,
            "id": 169,
            "label": "\u09ad\u09c1\u0981\u0987\u099e\u09be",
            "w": 173.31429678851933,
            "x": 291.8146515377905,
            "y": 191.61938612924564
        },
        {
            "h": 57,
            "id": 32,
            "label": "\u09af\u09c7",
            "w": 98,
            "x": 293,
            "y": 1545
        },
        {
            "h": 46,
            "id": 5,
            "label": "\u09ac\u09be",
            "w": 67,
            "x": 306,
            "y": 1776
        },
        {
            "h": 79,
            "id": 179,
            "label": "\u09a6\u09bf\u09a8",
            "w": 107,
            "x": 314,
            "y": 95
        },
        {
            "h": 68,
            "id": 124,
            "label": "\u09aa\u09c1\u09b0\u09cb\u09a8\u09cb",
            "w": 201,
            "x": 317,
            "y": 499
        },
        {
            "h": 106.8724285680111,
            "id": 65,
            "label": "\u09ae\u09c7\u0998\u09c7\u09a4\u09c7",
            "w": 232.00000000000003,
            "x": 358.00000000000006,
            "y": 1175.0637857159948
        },
        {
            "h": 108.32615317470946,
            "id": 43,
            "label": "\u0986\u09b2\u09cb\u09af\u09bc",
            "w": 209.00000000000003,
            "x": 393.00000000000006,
            "y": 1421.8369234126453
        },
        {
            "h": 79,
            "id": 3,
            "label": "\u09a4\u09be\u09b0\u09c7",
            "w": 142,
            "x": 397,
            "y": 1777
        },
        {
            "h": 73,
            "id": 29,
            "label": "\u099c\u09b2\u09c7\u09a4\u09c7",
            "w": 224,
            "x": 412,
            "y": 1551
        },
        {
            "h": 80.1801546772351,
            "id": 135,
            "label": "\u09aa\u09be\u09a4\u09be",
            "w": 136.00000000000003,
            "x": 425.00000000000017,
            "y": 385.290536532137
        },
        {
            "h": 78.8408673630578,
            "id": 174,
            "label": "\u09b6\u09c7\u09b7\u09c7",
            "w": 135,
            "x": 428,
            "y": 101.57956631847111
        },
        {
            "h": 64,
            "id": 116,
            "label": "\u098f\u09a8\u09c7",
            "w": 113,
            "x": 428,
            "y": 596
        },
        {
            "h": 64,
            "id": 16,
            "label": "\u09b0\u09cb\u0997",
            "w": 190,
            "x": 456,
            "y": 1663
        },
        {
            "h": 67,
            "id": 86,
            "label": "\u09b9\u09b2\u09c7",
            "w": 133,
            "x": 464,
            "y": 977
        },
        {
            "h": 77,
            "id": 156,
            "label": "\u09a8\u09bf\u09b0\u09cd\u099c\u09a8\u09a4\u09be",
            "w": 212,
            "x": 466,
            "y": 280
        },
        {
            "h": 93,
            "id": 59,
            "label": "\u0990",
            "w": 68,
            "x": 467,
            "y": 1288
        },
        {
            "h": 91.31254135182309,
            "id": 99,
            "label": "\u09aa\u09cd\u09b0\u09ad\u099e\u09cd\u099c\u09a8",
            "w": 256,
            "x": 488.00000000000006,
            "y": 873.8437293240886
        },
        {
            "h": 94,
            "id": 168,
            "label": "\u0988\u09b7\u09be\u09a8",
            "w": 148,
            "x": 503,
            "y": 189
        },
        {
            "h": 100.44456757198246,
            "id": 106,
            "label": "\u09ac\u09a8\u09cd\u09a7\u09c7",
            "w": 132.00000000000003,
            "x": 534.0564001359002,
            "y": 766.4420133092892
        },
        {
            "h": 81,
            "id": 131,
            "label": "\u0997\u09ad\u09c0\u09b0",
            "w": 177.00000000000003,
            "x": 547.9717999320501,
            "y": 472.61938612924564
        },
        {
            "h": 134.95547156583848,
            "id": 55,
            "label": "\u09a6\u09c7\u0996\u09cb",
            "w": 207.00000000000003,
            "x": 563,
            "y": 1291.0222642170809
        },
        {
            "h": 66,
            "id": 118,
            "label": "\u09a6\u09c7\u09af\u09bc",
            "w": 107,
            "x": 565,
            "y": 590
        },
        {
            "h": 74,
            "id": 6,
            "label": "\u09b8\u09c1\u09b8\u09cd\u09a5",
            "w": 152,
            "x": 567,
            "y": 1774
        },
        {
            "h": 73.20786506716706,
            "id": 137,
            "label": "\u099d\u09b0\u09c7",
            "w": 153,
            "x": 579.0000000000001,
            "y": 391.89606746641647
        },
        {
            "h": 117.4382176318213,
            "id": 74,
            "label": "\u09ae\u09c7\u09b2\u09c7",
            "w": 158.00000000000006,
            "x": 583,
            "y": 1057.1839605378616
        },
        {
            "h": 115.73785803886229,
            "id": 183,
            "label": "\u098a\u09b0\u09cd\u09a6\u09cd\u09a7\u09aa\u09be\u09a8\u09c7",
            "w": 224.00000000000003,
            "x": 589.2036444994903,
            "y": 65.88654664677884
        },
        {
            "h": 48,
            "id": 87,
            "label": "\u09b8\u09be\u0999\u09cd\u0997",
            "w": 180,
            "x": 611,
            "y": 975
        },
        {
            "h": 108.16100618236328,
            "id": 63,
            "label": "\u09a2\u09be\u0995\u09c7",
            "w": 168.00000000000003,
            "x": 612,
            "y": 1182.9194969088182
        },
        {
            "h": 90.72270499606495,
            "id": 42,
            "label": "\u0985\u0982\u09b6\u09c1\u09ae\u09be\u09a8",
            "w": 270,
            "x": 634.6596020229737,
            "y": 1428.2886475019684
        },
        {
            "h": 97,
            "id": 34,
            "label": "\u0988\u09b6\u09cd\u09ac\u09b0",
            "w": 164,
            "x": 660,
            "y": 1530
        },
        {
            "h": 69,
            "id": 19,
            "label": "\u09af\u09a6\u09bf",
            "w": 126,
            "x": 662,
            "y": 1653
        },
        {
            "h": 65,
            "id": 166,
            "label": "\u0995\u09cb\u09a3\u09c7",
            "w": 184,
            "x": 672,
            "y": 204
        },
        {
            "h": 93,
            "id": 113,
            "label": "\u09ac\u09cd\u09b0\u09a4\u09c0",
            "w": 130,
            "x": 675,
            "y": 761
        },
        {
            "h": 125.87786413172479,
            "id": 152,
            "label": "\u099a\u09bf\u09b0\u09c7",
            "w": 138.00000000000003,
            "x": 708.1128002717998,
            "y": 263.5610679341378
        },
        {
            "h": 75,
            "id": 126,
            "label": "\u098f\u09ac\u0982",
            "w": 149,
            "x": 746,
            "y": 497
        },
        {
            "h": 74,
            "id": 2,
            "label": "\u0995\u09b0\u09c7",
            "w": 146,
            "x": 746,
            "y": 1779
        },
        {
            "h": 69.00000000000001,
            "id": 136,
            "label": "\u09aa\u09a1\u09bc\u09c7",
            "w": 142.9410027192707,
            "x": 742.0294986403647,
            "y": 400
        },
        {
            "h": 69.30694868637646,
            "id": 98,
            "label": "\u09b6\u0999\u09cd\u0995\u09be\u09b0",
            "w": 229.00000000000003,
            "x": 761.0000000000001,
            "y": 884.3465256568119
        },
        {
            "h": 140.591149093483,
            "id": 56,
            "label": "\u09a5\u09c7\u09ae\u09c7",
            "w": 181.00000000000003,
            "x": 791.0000000000001,
            "y": 1291.2044254532586
        },
        {
            "h": 57,
            "id": 89,
            "label": "\u09b9\u09ac\u09c7",
            "w": 113,
            "x": 800,
            "y": 973
        },
        {
            "h": 91.04022416947979,
            "id": 72,
            "label": "\u09b6\u09cd\u09b0\u09be\u09ac\u09a8\u09c7",
            "w": 209.00000000000006,
            "x": 795.8871997282008,
            "y": 1073.0023433982778
        },
        {
            "h": 60,
            "id": 13,
            "label": "\u09a6\u09c7\u09b9",
            "w": 145,
            "x": 807,
            "y": 1676
        },
        {
            "h": 104,
            "id": 64,
            "label": "\u09ac\u09c3\u09b7\u09cd\u099f\u09bf",
            "w": 172,
            "x": 820,
            "y": 1190
        },
        {
            "h": 104.40122247332127,
            "id": 108,
            "label": "\u09b9\u09b2\u09c7",
            "w": 126.00000000000001,
            "x": 821.0000000000001,
            "y": 774.2993887633394
        },
        {
            "h": 73,
            "id": 27,
            "label": "\u09a4\u09c3\u09b7\u09cd\u09a3\u09be",
            "w": 171,
            "x": 837,
            "y": 1567
        },
        {
            "h": 97.92421142839339,
            "id": 178,
            "label": "\u099a\u09c7\u09af\u09bc\u09c7",
            "w": 120.00000000000001,
            "x": 839.0000000000001,
            "y": 77.03789428580332
        },
        {
            "h": 80.53783236573875,
            "id": 150,
            "label": "\u09a5\u09c7\u0995\u09c7",
            "w": 169,
            "x": 861.0000000000002,
            "y": 289.7310838171306
        },
        {
            "h": 80.37202860467478,
            "id": 164,
            "label": "\u09a4\u0996\u09a8",
            "w": 140.00000000000003,
            "x": 871.0000000000001,
            "y": 192.81398569766264
        },
        {
            "h": 87.40770557122102,
            "id": 141,
            "label": "\u0994\u09a6\u09be\u09b8\u09c0\u09a8\u09cd\u09af\u09c7",
            "w": 264.00000000000006,
            "x": 908.02820006795,
            "y": 372.676761085144
        },
        {
            "h": 101,
            "id": 132,
            "label": "\u09b9\u09a0\u09be\u09ce",
            "w": 128,
            "x": 913,
            "y": 461
        },
        {
            "h": 108.62646958630786,
            "id": 40,
            "label": "\u09b8\u09c1\u0996",
            "w": 156.00000000000003,
            "x": 934.0000000000001,
            "y": 1433.686765206846
        },
        {
            "h": 85,
            "id": 91,
            "label": "\u09ac\u09bf\u099c\u09cd\u099e\u099c\u09a8\u09c7",
            "w": 300,
            "x": 954,
            "y": 959
        },
        {
            "h": 71,
            "id": 12,
            "label": "\u099b\u09c7\u09a1\u09bc\u09c7",
            "w": 151,
            "x": 962,
            "y": 1679
        },
        {
            "h": 96.52636746808014,
            "id": 177,
            "label": "\u09af\u0996\u09a8",
            "w": 145.69986103091787,
            "x": 980.6500694845413,
            "y": 75.23681626595993
        },
        {
            "h": 121.45115429334946,
            "id": 53,
            "label": "\u0997\u09c7\u099b\u09c7",
            "w": 182.00000000000003,
            "x": 998.9999999999999,
            "y": 1301.774422853325
        },
        {
            "h": 54,
            "id": 96,
            "label": "\u0995\u09be\u09b0\u09a3",
            "w": 204,
            "x": 1006,
            "y": 894
        },
        {
            "h": 97.2322556023852,
            "id": 61,
            "label": "\u09a8\u09be\u09ae\u09c7",
            "w": 167,
            "x": 1008.0000000000001,
            "y": 1203.8838721988075
        },
        {
            "h": 89.39002328117847,
            "id": 165,
            "label": "\u0985\u09a8\u09cd\u09a7\u0995\u09be\u09b0",
            "w": 244.00000000000003,
            "x": 1030,
            "y": 192.8049883594108
        },
        {
            "h": 77,
            "id": 80,
            "label": "\u0989\u09a4\u09cd\u09a4\u09b0",
            "w": 153,
            "x": 1033,
            "y": 1067
        },
        {
            "h": 72.21323953099534,
            "id": 151,
            "label": "\u09b9\u09a4\u09c7",
            "w": 122.00000000000001,
            "x": 1043,
            "y": 294.8933802345024
        },
        {
            "h": 89,
            "id": 30,
            "label": "\u09ae\u09c7\u099f\u09be\u09af\u09bc",
            "w": 220,
            "x": 1043,
            "y": 1550
        },
        {
            "h": 63,
            "id": 123,
            "label": "\u09af\u09c7\u09a8",
            "w": 111,
            "x": 1057,
            "y": 499
        },
        {
            "h": 84.67390825543067,
            "id": 39,
            "label": "\u09a6\u09c1\u0983\u0996",
            "w": 167,
            "x": 1110,
            "y": 1452.6630458722848
        },
        {
            "h": 79,
            "id": 11,
            "label": "\u09ae\u09a8\u09c7",
            "w": 137,
            "x": 1139,
            "y": 1685
        },
        {
            "h": 105.51236880162577,
            "id": 176,
            "label": "\u0986\u09b7\u09be\u09a2\u09bc\u09c7",
            "w": 226.6430462312055,
            "x": 1139.6784768843972,
            "y": 78.74381559918712
        },
        {
            "h": 85.00000000000003,
            "id": 157,
            "label": "\u0990\u09b0\u09be\u09ac\u09a4\u09c7\u09b0",
            "w": 282,
            "x": 1172.9153997961503,
            "y": 280.6193861292456
        },
        {
            "h": 103,
            "id": 130,
            "label": "\u09ac\u09c3\u09b7\u09cd\u099f\u09bf\u09a4\u09c7",
            "w": 210,
            "x": 1186,
            "y": 474
        },
        {
            "h": 120,
            "id": 115,
            "label": "\u09aa\u09b0\u09bf\u09aa\u09c2\u09b0\u09cd\u09a3",
            "w": 239,
            "x": 1186,
            "y": 750
        },
        {
            "h": 109,
            "id": 68,
            "label": "\u09ae\u09be\u09a0\u09c7",
            "w": 177,
            "x": 1212,
            "y": 1176
        },
        {
            "h": 57,
            "id": 138,
            "label": "\u098f\u09ac\u0982",
            "w": 145,
            "x": 1226,
            "y": 398
        },
        {
            "h": 133.92082592694047,
            "id": 50,
            "label": "\u09aa\u09be\u09b0\u09be\u09aa\u09be\u09b0\u09c7",
            "w": 340.00000000000006,
            "x": 1226.0000000000002,
            "y": 1307.0395870365298
        },
        {
            "h": 84.82319791490049,
            "id": 97,
            "label": "\u09b2\u09a3\u09cd\u09a1\u09ad\u09a3\u09cd\u09a1",
            "w": 207.00000000000003,
            "x": 1231,
            "y": 879.0884010425499
        },
        {
            "h": 67,
            "id": 82,
            "label": "\u09ac\u09b2\u09c7",
            "w": 134,
            "x": 1275,
            "y": 984
        },
        {
            "h": 83.78571673682929,
            "id": 167,
            "label": "\u09ae\u09c7\u0998\u09c7\u09b0",
            "w": 197.00000000000003,
            "x": 1282,
            "y": 182.60714163158536
        },
        {
            "h": 89,
            "id": 28,
            "label": "\u09b8\u09c7\u0987",
            "w": 149,
            "x": 1285,
            "y": 1552
        },
        {
            "h": 86,
            "id": 15,
            "label": "\u0997\u09bf\u09af\u09bc\u09c7",
            "w": 180,
            "x": 1293,
            "y": 1663
        },
        {
            "h": 104.92245495623109,
            "id": 38,
            "label": "\u09aa\u09be\u09b6\u09be\u09aa\u09be\u09b6\u09bf",
            "w": 357,
            "x": 1314.0000000000002,
            "y": 1445.5387725218843
        },
        {
            "h": 101.73565707272238,
            "id": 180,
            "label": "\u0997\u09b2\u09cd\u09aa",
            "w": 148.00000000000003,
            "x": 1376.0000000000002,
            "y": 74.63217146363883
        },
        {
            "h": 94,
            "id": 143,
            "label": "\u09a4\u09be\u09b0\u0987",
            "w": 187.00000000000006,
            "x": 1382.0564001359003,
            "y": 362.47754451698245
        },
        {
            "h": 87,
            "id": 67,
            "label": "\u098a\u09b7\u09be\u09b0",
            "w": 205,
            "x": 1400,
            "y": 1182
        },
        {
            "h": 91,
            "id": 128,
            "label": "\u09a7\u09c1\u09af\u09bc\u09c7",
            "w": 136.00000000000003,
            "x": 1415,
            "y": 480.61938612924575
        },
        {
            "h": 59,
            "id": 110,
            "label": "\u09b9\u09ac\u09c7",
            "w": 107,
            "x": 1446,
            "y": 782
        },
        {
            "h": 63,
            "id": 100,
            "label": "\u09b9\u09df\u09c7",
            "w": 145,
            "x": 1450,
            "y": 886
        },
        {
            "h": 79,
            "id": 26,
            "label": "\u099c\u09b2\u09c7\u09a4\u09c7",
            "w": 245,
            "x": 1467,
            "y": 1581
        },
        {
            "h": 59,
            "id": 154,
            "label": "\u09a1\u09be\u0995",
            "w": 141.74621068023026,
            "x": 1472.9576942521855,
            "y": 292
        },
        {
            "h": 81,
            "id": 170,
            "label": "\u0986\u09a1\u09bc\u09ae\u09cd\u09ac\u09b0",
            "w": 260,
            "x": 1500,
            "y": 179
        },
        {
            "h": 84,
            "id": 14,
            "label": "\u09a7\u09b0\u09c7",
            "w": 145,
            "x": 1505,
            "y": 1664
        },
        {
            "h": 92,
            "id": 81,
            "label": "\u09b9\u09a0\u09be\u09ce",
            "w": 151,
            "x": 1526,
            "y": 1064
        },
        {
            "h": 112.12124988559806,
            "id": 181,
            "label": "\u09b6\u09cb\u09a8\u09be\u09a4\u09c7",
            "w": 237.3019801191286,
            "x": 1537.8490099404357,
            "y": 64.43937505720098
        },
        {
            "h": 58,
            "id": 111,
            "label": "\u09a8\u09be\u09a8\u09be",
            "w": 140,
            "x": 1564,
            "y": 770
        },
        {
            "h": 101.38220333417028,
            "id": 127,
            "label": "\u09ae\u09c1\u099b\u09c7",
            "w": 162.00000000000003,
            "x": 1573.0000000000002,
            "y": 478.30889833291496
        },
        {
            "h": 94,
            "id": 142,
            "label": "\u09ab\u09be\u0981\u0995\u09c7",
            "w": 174,
            "x": 1585,
            "y": 359
        },
        {
            "h": 112.87880604242635,
            "id": 52,
            "label": "\u0996\u09c7\u09af\u09bc\u09be",
            "w": 204,
            "x": 1599.0000000000002,
            "y": 1307.060596978787
        },
        {
            "h": 71.92821040838143,
            "id": 103,
            "label": "\u09af\u09be\u09af\u09bc",
            "w": 129,
            "x": 1608.0000000000002,
            "y": 868.5358947958092
        },
        {
            "h": 111.68443244955688,
            "id": 62,
            "label": "\u0986\u0995\u09be\u09b6\u09c7",
            "w": 329,
            "x": 1626.8871997282006,
            "y": 1180.2996253874846
        },
        {
            "h": 97.12220646773166,
            "id": 160,
            "label": "\u09ae\u09be\u099f\u09bf\u09b0",
            "w": 224.00000000000003,
            "x": 1667.0282000679504,
            "y": 255.53582741236227
        },
        {
            "h": 106,
            "id": 17,
            "label": "\u0994\u09b7\u09a7\u09c7\u09b0",
            "w": 264,
            "x": 1684,
            "y": 1660
        },
        {
            "h": 55,
            "id": 37,
            "label": "\u09b8\u09b9",
            "w": 184,
            "x": 1708,
            "y": 1474
        },
        {
            "h": 101.6553725506445,
            "id": 75,
            "label": "\u099d\u09a1\u09bc",
            "w": 160.00000000000003,
            "x": 1714.0000000000002,
            "y": 1065.672313724678
        },
        {
            "h": 64,
            "id": 112,
            "label": "\u09b0\u0999\u09c7\u09b0",
            "w": 184,
            "x": 1723,
            "y": 762
        },
        {
            "h": 106,
            "id": 31,
            "label": "\u099c\u09c0\u09ac\u0995\u09c1\u09b2\u09c7",
            "w": 293,
            "x": 1747,
            "y": 1546
        },
        {
            "h": 103,
            "id": 129,
            "label": "\u09a7\u09c2\u09b8\u09b0",
            "w": 167,
            "x": 1762,
            "y": 476
        },
        {
            "h": 80,
            "id": 104,
            "label": "\u09a7\u09b0\u09be\u09b0",
            "w": 193,
            "x": 1763,
            "y": 845
        },
        {
            "h": 48,
            "id": 84,
            "label": "\u098f",
            "w": 79,
            "x": 1776,
            "y": 980
        },
        {
            "h": 69,
            "id": 140,
            "label": "\u099c\u09ae\u09c7",
            "w": 177,
            "x": 1780,
            "y": 370
        },
        {
            "h": 105.30485640356031,
            "id": 182,
            "label": "\u09ac\u09b8\u09c7",
            "w": 146.45718197448443,
            "x": 1783.2714090127583,
            "y": 53.847571798219874
        },
        {
            "h": 76,
            "id": 171,
            "label": "\u09b8\u09ac\u09c1\u099c\u09c7",
            "w": 200,
            "x": 1793,
            "y": 163
        },
        {
            "h": 110.17802968785954,
            "id": 1667245183251,
            "label": "\u099a\u099e\u09cd\u099a\u09b2\u09a4\u09be",
            "w": 249.60057420389552,
            "x": 270.19332743713795,
            "y": 754.5703242683538
        },
        {
            "h": 102.15605904057898,
            "id": 1667245261406,
            "label": "\u099c\u09c0\u09ac\u09a8",
            "w": 190.650806387292,
            "x": 971.9652267952396,
            "y": 763.7573194320901
        },
        {
            "h": 86.00951062450812,
            "id": 1667245328230,
            "label": "\u0995\u09c1\u099c\u09cd\u099d\u099f\u09bf\u0995\u09be",
            "w": 267.3372917860374,
            "x": 219.50300158582152,
            "y": 868.607369726905
        },
        {
            "h": 81.20097000661414,
            "id": 1667245517489,
            "label": "\u09b6\u09be\u09a8\u09cd\u09a4",
            "w": 174.42520584369274,
            "x": 1422.2256418801205,
            "y": 973.3082097717394
        },
        {
            "h": 86.43974226510527,
            "id": 1667245525179,
            "label": "\u09ad\u09be\u09ac\u09c7",
            "w": 158.19960530009348,
            "x": 1606.7918480635626,
            "y": 970.6888236424938
        },
        {
            "h": 96.9172867820881,
            "id": 1667245628079,
            "label": "\u09aa\u09c2\u09b0\u09cd\u09ac",
            "w": 131.83300441674447,
            "x": 1203.1800345415302,
            "y": 1067.6061104245814
        },
        {
            "h": 102.15605904057898,
            "id": 1667245636563,
            "label": "\u09a6\u09bf\u0995\u09c7",
            "w": 172.39700577574283,
            "x": 1343.1258392300742,
            "y": 1064.9867242953362
        },
        {
            "h": 126.63944744417226,
            "id": 1667245886407,
            "label": "\u09b6\u09b0\u09ce",
            "w": 147.086067061855,
            "x": 1856.6954618117363,
            "y": 1301.661374754851
        }
    ],
    "file": "SaziaAfrinLabonna210621_1.jpg"
}