{
    "boxes": [
        {
            "h": 62,
            "id": 80,
            "label": "\u09b9\u09a0\u09be\u09ce",
            "w": 189,
            "x": 22,
            "y": 1462
        },
        {
            "h": 92,
            "id": 15,
            "label": "\u09a7\u09b0\u09c7",
            "w": 126,
            "x": 22,
            "y": 2158
        },
        {
            "h": 95,
            "id": 70,
            "label": "\u098a\u09b7\u09be\u09b0",
            "w": 207,
            "x": 27,
            "y": 1574
        },
        {
            "h": 63,
            "id": 54,
            "label": "\u0996\u09c7\u09af\u09bc\u09be",
            "w": 181,
            "x": 27,
            "y": 1750
        },
        {
            "h": 102,
            "id": 30,
            "label": "\u099c\u09c0\u09ac\u0995\u09c1\u09b2\u09c7",
            "w": 287,
            "x": 37,
            "y": 1999
        },
        {
            "h": 48,
            "id": 40,
            "label": "\u09b8\u09b9",
            "w": 133,
            "x": 38,
            "y": 1902
        },
        {
            "h": 70,
            "id": 107,
            "label": "\u09a7\u09b0\u09be\u09b0",
            "w": 168,
            "x": 40,
            "y": 1159
        },
        {
            "h": 84,
            "id": 135,
            "label": "\u09b9\u09c3\u09a6\u09af\u09bc\u09c7\u09b0",
            "w": 222,
            "x": 52,
            "y": 918
        },
        {
            "h": 70,
            "id": 96,
            "label": "\u09ad\u09be\u09ac\u09c7",
            "w": 154,
            "x": 56,
            "y": 1306
        },
        {
            "h": 56,
            "id": 121,
            "label": "\u09ab\u09c1\u09b2\u09c7",
            "w": 130,
            "x": 61,
            "y": 1041
        },
        {
            "h": 109,
            "id": 151,
            "label": "\u09ac\u09c3\u09b7\u09cd\u099f\u09bf\u09a4\u09c7",
            "w": 225,
            "x": 73,
            "y": 642
        },
        {
            "h": 70,
            "id": 181,
            "label": "\u09ae\u09be\u099f\u09bf\u09b0",
            "w": 191,
            "x": 79,
            "y": 406
        },
        {
            "h": 77,
            "id": 223,
            "label": "\u09ac\u09b0\u09cd\u09b7\u09be\u09ae\u09c1\u0996\u09b0",
            "w": 256,
            "x": 84,
            "y": 60
        },
        {
            "h": 110,
            "id": 166,
            "label": "\u09ab\u09be\u0981\u0995\u09c7",
            "w": 167,
            "x": 96,
            "y": 501
        },
        {
            "h": 64,
            "id": 209,
            "label": "\u0993\u09b8\u09ae\u09be\u09a8",
            "w": 182,
            "x": 105,
            "y": 184
        },
        {
            "h": 90,
            "id": 193,
            "label": "\u09b8\u09ac\u09c1\u099c\u09c7",
            "w": 186,
            "x": 105,
            "y": 300
        },
        {
            "h": 64,
            "id": 39,
            "label": "\u0985\u09ac\u09b8\u09cd\u09a5\u09be\u09a8",
            "w": 243,
            "x": 205,
            "y": 1910
        },
        {
            "h": 96,
            "id": 13,
            "label": "\u0994\u09b7\u09a7\u09c7\u09b0",
            "w": 175,
            "x": 244,
            "y": 2172
        },
        {
            "h": 47,
            "id": 94,
            "label": "\u098f",
            "w": 61,
            "x": 247,
            "y": 1332
        },
        {
            "h": 60,
            "id": 51,
            "label": "\u09b6\u09b0\u09ce",
            "w": 147,
            "x": 247,
            "y": 1758
        },
        {
            "h": 116.1947232332606,
            "id": 120,
            "label": "\u0995\u09c1\u099c\u09cd\u099d\u099f\u09bf\u0995\u09be",
            "w": 255.07339130333742,
            "x": 295.1313337838669,
            "y": 1024.8371536995558
        },
        {
            "h": 61,
            "id": 104,
            "label": "\u0985\u0999\u09cd\u0997\u09a8",
            "w": 234,
            "x": 297,
            "y": 1196
        },
        {
            "h": 63,
            "id": 69,
            "label": "\u0986\u0995\u09be\u09b6\u09c7",
            "w": 286,
            "x": 299,
            "y": 1632
        },
        {
            "h": 136.25566965927806,
            "id": 211,
            "label": "\u0993\u09b8\u09ae\u09be\u09a8",
            "w": 215.70848934122424,
            "x": 316.29850936169305,
            "y": 145.39399339829924
        },
        {
            "h": 50,
            "id": 78,
            "label": "\u099d\u09a1\u09bc",
            "w": 150,
            "x": 314,
            "y": 1478
        },
        {
            "h": 60,
            "id": 162,
            "label": "\u099c\u09ae\u09c7",
            "w": 148,
            "x": 324,
            "y": 566
        },
        {
            "h": 56,
            "id": 134,
            "label": "\u099a\u099e\u09cd\u099a\u09b2\u09a4\u09be",
            "w": 234,
            "x": 326,
            "y": 936
        },
        {
            "h": 47,
            "id": 176,
            "label": "\u0989\u09aa\u09b0",
            "w": 151,
            "x": 341,
            "y": 447
        },
        {
            "h": 61,
            "id": 190,
            "label": "\u098b\u09a6\u09cd\u09a7",
            "w": 130,
            "x": 346,
            "y": 315
        },
        {
            "h": 52,
            "id": 93,
            "label": "\u09ac\u09cd\u09b0\u09b9\u09cd\u09ae\u09be\u09a3\u09cd\u09a1\u09c7",
            "w": 196,
            "x": 354,
            "y": 1333
        },
        {
            "h": 100,
            "id": 27,
            "label": "\u09ac\u09bf\u09a8\u09be\u09b6",
            "w": 226,
            "x": 354,
            "y": 2016
        },
        {
            "h": 71,
            "id": 224,
            "label": "\u09a6\u09bf\u09a8",
            "w": 113,
            "x": 366,
            "y": 44
        },
        {
            "h": 110,
            "id": 150,
            "label": "\u09a7\u09c1\u09af\u09bc\u09c7",
            "w": 147,
            "x": 383,
            "y": 672
        },
        {
            "h": 76,
            "id": 50,
            "label": "\u098b\u09a4\u09c1\u09a4\u09c7",
            "w": 198,
            "x": 473,
            "y": 1769
        },
        {
            "h": 70,
            "id": 220,
            "label": "\u09b6\u09c7\u09b7\u09c7",
            "w": 145,
            "x": 503,
            "y": 68
        },
        {
            "h": 87,
            "id": 79,
            "label": "\u0989\u09a0\u09c7",
            "w": 162,
            "x": 507,
            "y": 1465
        },
        {
            "h": 82,
            "id": 11,
            "label": "\u09b8\u09be\u09a7\u09cd\u09af",
            "w": 136,
            "x": 512,
            "y": 2212
        },
        {
            "h": 50,
            "id": 161,
            "label": "\u09a5\u09be\u0995\u09be",
            "w": 154,
            "x": 526,
            "y": 576
        },
        {
            "h": 54,
            "id": 38,
            "label": "\u09af\u09c7",
            "w": 99,
            "x": 543,
            "y": 1912
        },
        {
            "h": 97,
            "id": 106,
            "label": "\u0995\u09cd\u09b7\u09bf\u09aa\u09cd\u09a4",
            "w": 195,
            "x": 544,
            "y": 1177
        },
        {
            "h": 68,
            "id": 174,
            "label": "\u09b6\u09c1\u0995\u09a8\u09cb",
            "w": 206,
            "x": 551,
            "y": 448
        },
        {
            "h": 81,
            "id": 146,
            "label": "\u09ae\u09c1\u099b\u09c7",
            "w": 156,
            "x": 556,
            "y": 707
        },
        {
            "h": 102,
            "id": 192,
            "label": "\u09ac\u09a8\u09ad\u09c2\u09ae\u09bf\u09b0",
            "w": 237,
            "x": 562,
            "y": 305
        },
        {
            "h": 98.95468142267015,
            "id": 204,
            "label": "\u0988\u09b7\u09be\u09a8",
            "w": 131.00000000000006,
            "x": 582.7438894302092,
            "y": 164.79494008523366
        },
        {
            "h": 56,
            "id": 129,
            "label": "\u09ac\u09a8\u09cd\u09a7\u09c7",
            "w": 131,
            "x": 597,
            "y": 952
        },
        {
            "h": 99,
            "id": 95,
            "label": "\u09ac\u09be\u099e\u09cd\u099b\u09bf\u09a4\u09ab\u09b2",
            "w": 282,
            "x": 626,
            "y": 1330
        },
        {
            "h": 62,
            "id": 119,
            "label": "\u09aa\u09cd\u09b0\u09ad\u099e\u09cd\u099c\u09a8",
            "w": 258,
            "x": 639,
            "y": 1074
        },
        {
            "h": 80,
            "id": 26,
            "label": "\u0998\u099f\u09be\u09af\u09bc",
            "w": 144,
            "x": 644,
            "y": 2049
        },
        {
            "h": 63,
            "id": 68,
            "label": "\u09b8\u09a8\u09cd\u09a7\u09cd\u09af\u09be\u09b0",
            "w": 162,
            "x": 673,
            "y": 1641
        },
        {
            "h": 109,
            "id": 226,
            "label": "\u098a\u09b0\u09cd\u09a6\u09cd\u09a7\u09aa\u09be\u09a8\u09c7",
            "w": 241,
            "x": 681,
            "y": 28
        },
        {
            "h": 78,
            "id": 12,
            "label": "\u0995\u09c0",
            "w": 109,
            "x": 693,
            "y": 2198
        },
        {
            "h": 58,
            "id": 76,
            "label": "\u0997\u0997\u09a8",
            "w": 171,
            "x": 706,
            "y": 1499
        },
        {
            "h": 65,
            "id": 35,
            "label": "\u099c\u09b2\u09c7\u09a4\u09c7",
            "w": 219,
            "x": 708,
            "y": 1932
        },
        {
            "h": 89,
            "id": 53,
            "label": "\u099a\u09be\u0981\u09a6",
            "w": 113,
            "x": 712,
            "y": 1752
        },
        {
            "h": 56,
            "id": 202,
            "label": "\u0995\u09cb\u09a3\u09c7",
            "w": 167,
            "x": 737,
            "y": 207
        },
        {
            "h": 60,
            "id": 158,
            "label": "\u09a2\u09c7\u09b0",
            "w": 115,
            "x": 742,
            "y": 583
        },
        {
            "h": 104,
            "id": 148,
            "label": "\u09a7\u09c2\u09b8\u09b0",
            "w": 147,
            "x": 765,
            "y": 698
        },
        {
            "h": 106,
            "id": 139,
            "label": "\u09ac\u09cd\u09b0\u09a4\u09c0",
            "w": 137,
            "x": 779,
            "y": 911
        },
        {
            "h": 50,
            "id": 99,
            "label": "\u09b9\u09b2\u09c7",
            "w": 174,
            "x": 787,
            "y": 1224
        },
        {
            "h": 50,
            "id": 175,
            "label": "\u09aa\u09be\u09a4\u09be",
            "w": 153,
            "x": 804,
            "y": 447
        },
        {
            "h": 52,
            "id": 8,
            "label": "\u09ac\u09be",
            "w": 119,
            "x": 829,
            "y": 2236
        },
        {
            "h": 65,
            "id": 48,
            "label": "\u0986\u09b2\u09cb\u09af\u09bc",
            "w": 200.01367741010176,
            "x": 888.010359569288,
            "y": 1787.0000000000007
        },
        {
            "h": 100,
            "id": 196,
            "label": "\u09a8\u09bf\u09b0\u09cd\u099c\u09a8\u09a4\u09be",
            "w": 204.67135616495855,
            "x": 847.960649874449,
            "y": 300.0436564558762
        },
        {
            "h": 62,
            "id": 66,
            "label": "\u099b\u09be\u09af\u09bc\u09be",
            "w": 128,
            "x": 883,
            "y": 1654
        },
        {
            "h": 79,
            "id": 160,
            "label": "\u09aa\u09c1\u09b0\u09cb\u09a8\u09cb",
            "w": 242,
            "x": 901,
            "y": 577
        },
        {
            "h": 70,
            "id": 24,
            "label": "\u09b0\u09cb\u0997",
            "w": 129,
            "x": 903,
            "y": 2080
        },
        {
            "h": 48,
            "id": 203,
            "label": "\u09a4\u0996\u09a8",
            "w": 159,
            "x": 937,
            "y": 204
        },
        {
            "h": 60,
            "id": 128,
            "label": "\u09b9\u09b2\u09c7",
            "w": 110,
            "x": 951,
            "y": 961
        },
        {
            "h": 60,
            "id": 218,
            "label": "\u099a\u09c7\u09af\u09bc\u09c7",
            "w": 116,
            "x": 953,
            "y": 70
        },
        {
            "h": 69,
            "id": 74,
            "label": "\u09ae\u09c7\u0998\u09c7\u09a4\u09c7",
            "w": 242,
            "x": 956,
            "y": 1509
        },
        {
            "h": 98,
            "id": 149,
            "label": "\u099c\u09c0\u09ac\u09a8\u09c7",
            "w": 205,
            "x": 960,
            "y": 680
        },
        {
            "h": 55,
            "id": 116,
            "label": "\u09b6\u0999\u09cd\u0995\u09be\u09b0",
            "w": 172,
            "x": 971,
            "y": 1088
        },
        {
            "h": 71,
            "id": 89,
            "label": "\u09ae\u09c7\u09b2\u09c7",
            "w": 147.83465762373493,
            "x": 971.4180564998566,
            "y": 1367.915853342304
        },
        {
            "h": 67,
            "id": 9,
            "label": "\u09a4\u09be\u09b0\u09c7",
            "w": 126,
            "x": 979,
            "y": 2229
        },
        {
            "h": 63,
            "id": 173,
            "label": "\u099d\u09b0\u09c7",
            "w": 129,
            "x": 982,
            "y": 452
        },
        {
            "h": 77,
            "id": 37,
            "label": "\u0988\u09b6\u09cd\u09ac\u09b0",
            "w": 120,
            "x": 1001,
            "y": 1928
        },
        {
            "h": 66,
            "id": 103,
            "label": "\u09b8\u09be\u0999\u09cd\u0997",
            "w": 133.1672188557043,
            "x": 1007.7381775344601,
            "y": 1210.956343544124
        },
        {
            "h": 90.34853951274236,
            "id": 62,
            "label": "\u0990",
            "w": 90.29543114345904,
            "x": 1017.2276490206942,
            "y": 1635.2951072809979
        },
        {
            "h": 77,
            "id": 25,
            "label": "\u09af\u09a6\u09bf",
            "w": 118,
            "x": 1081,
            "y": 2070
        },
        {
            "h": 103,
            "id": 137,
            "label": "\u099c\u09c0\u09ac\u09a8",
            "w": 175,
            "x": 1111,
            "y": 915
        },
        {
            "h": 68,
            "id": 64,
            "label": "\u09a6\u09c7\u0996\u09cb",
            "w": 186,
            "x": 1112,
            "y": 1664
        },
        {
            "h": 49,
            "id": 219,
            "label": "\u09af\u0996\u09a8",
            "w": 147,
            "x": 1130,
            "y": 69
        },
        {
            "h": 98.99393733072445,
            "id": 43,
            "label": "\u0985\u0982\u09b6\u09c1\u09ae\u09be\u09a8",
            "w": 270.35961050632227,
            "x": 1167.654319836279,
            "y": 1779.8625616704214
        },
        {
            "h": 55,
            "id": 177,
            "label": "\u09aa\u09a1\u09bc\u09c7",
            "w": 127,
            "x": 1142,
            "y": 446
        },
        {
            "h": 63,
            "id": 206,
            "label": "\u0985\u09a8\u09cd\u09a7\u0995\u09be\u09b0",
            "w": 253,
            "x": 1156,
            "y": 194
        },
        {
            "h": 78,
            "id": 6,
            "label": "\u09b8\u09c1\u09b8\u09cd\u09a5",
            "w": 130.00739395715914,
            "x": 1177.7204768187437,
            "y": 2254.2983906545405
        },
        {
            "h": 61,
            "id": 32,
            "label": "\u09a4\u09c3\u09b7\u09cd\u09a3\u09be",
            "w": 171,
            "x": 1184,
            "y": 1963
        },
        {
            "h": 105,
            "id": 164,
            "label": "\u0997\u09ad\u09c0\u09b0",
            "w": 137,
            "x": 1192,
            "y": 523
        },
        {
            "h": 58,
            "id": 88,
            "label": "\u09b6\u09cd\u09b0\u09be\u09ac\u09a8\u09c7",
            "w": 180,
            "x": 1193,
            "y": 1371
        },
        {
            "h": 78.43414727893281,
            "id": 112,
            "label": "\u0995\u09be\u09b0\u09a3",
            "w": 143.90665839491123,
            "x": 1224.1841494316195,
            "y": 1083.7610981325959
        },
        {
            "h": 57,
            "id": 188,
            "label": "\u09a5\u09c7\u0995\u09c7",
            "w": 171,
            "x": 1221,
            "y": 329
        },
        {
            "h": 89,
            "id": 147,
            "label": "\u09b0\u0999\u09a7\u09a8\u09c1",
            "w": 210,
            "x": 1225,
            "y": 706
        },
        {
            "h": 55,
            "id": 71,
            "label": "\u09a2\u09be\u0995\u09c7",
            "w": 168,
            "x": 1238,
            "y": 1529
        },
        {
            "h": 70,
            "id": 20,
            "label": "\u09a6\u09c7\u09b9",
            "w": 157,
            "x": 1247,
            "y": 2106
        },
        {
            "h": 97,
            "id": 105,
            "label": "\u09ac\u09bf\u099c\u09cd\u099e\u099c\u09a8\u09c7",
            "w": 287,
            "x": 1289,
            "y": 1189
        },
        {
            "h": 103,
            "id": 180,
            "label": "\u0994\u09a6\u09be\u09b8\u09c0\u09a8\u09cd\u09af\u09c7",
            "w": 247,
            "x": 1297,
            "y": 407
        },
        {
            "h": 55,
            "id": 217,
            "label": "\u0986\u09b7\u09be\u09a2\u09bc\u09c7",
            "w": 214,
            "x": 1324,
            "y": 71
        },
        {
            "h": 68,
            "id": 59,
            "label": "\u09a5\u09c7\u09ae\u09c7",
            "w": 184,
            "x": 1331,
            "y": 1674
        },
        {
            "h": 107,
            "id": 136,
            "label": "\u09aa\u09b0\u09bf\u09aa\u09c2\u09b0\u09cd\u09a3",
            "w": 172,
            "x": 1333,
            "y": 917
        },
        {
            "h": 67,
            "id": 156,
            "label": "\u09a6\u09c1\u0983\u0996",
            "w": 156,
            "x": 1357,
            "y": 588
        },
        {
            "h": 63,
            "id": 3,
            "label": "\u0995\u09b0\u09c7",
            "w": 119,
            "x": 1363,
            "y": 2282
        },
        {
            "h": 51,
            "id": 187,
            "label": "\u09b9\u09a4\u09c7",
            "w": 106,
            "x": 1403,
            "y": 331
        },
        {
            "h": 85,
            "id": 33,
            "label": "\u09ae\u09c7\u099f\u09be\u09af\u09bc",
            "w": 154,
            "x": 1403,
            "y": 1944
        },
        {
            "h": 48,
            "id": 113,
            "label": "\u09b2\u09a3\u09cd\u09a1\u09ad\u09a3\u09cd\u09a1",
            "w": 182,
            "x": 1431,
            "y": 1094
        },
        {
            "h": 60,
            "id": 205,
            "label": "\u09ae\u09c7\u0998\u09c7\u09b0",
            "w": 152,
            "x": 1432,
            "y": 197
        },
        {
            "h": 95.8910292385665,
            "id": 86,
            "label": "\u0989\u09a4\u09cd\u09a4\u09b0",
            "w": 139.00000000000006,
            "x": 1436.4618855896151,
            "y": 1348.054485380717
        },
        {
            "h": 60,
            "id": 17,
            "label": "\u099b\u09c7\u09a1\u09bc\u09c7",
            "w": 112,
            "x": 1441,
            "y": 2127
        },
        {
            "h": 112,
            "id": 77,
            "label": "\u09ac\u09c3\u09b7\u09cd\u099f\u09bf",
            "w": 163,
            "x": 1463,
            "y": 1482
        },
        {
            "h": 58,
            "id": 144,
            "label": "\u098f\u09a8\u09c7",
            "w": 129,
            "x": 1481,
            "y": 726
        },
        {
            "h": 68,
            "id": 47,
            "label": "\u09b8\u09c1\u0996",
            "w": 122,
            "x": 1482,
            "y": 1800
        },
        {
            "h": 58,
            "id": 132,
            "label": "\u09b9\u09ac\u09c7",
            "w": 130,
            "x": 1523,
            "y": 948
        },
        {
            "h": 55,
            "id": 157,
            "label": "\u09b9\u09a0\u09be\u09ce",
            "w": 119,
            "x": 1537,
            "y": 584
        },
        {
            "h": 94,
            "id": 195,
            "label": "\u0990\u09b0\u09be\u09ac\u09a4\u09c7\u09b0",
            "w": 203,
            "x": 1548,
            "y": 298
        },
        {
            "h": 66,
            "id": 60,
            "label": "\u0997\u09c7\u099b\u09c7",
            "w": 157,
            "x": 1551,
            "y": 1670
        },
        {
            "h": 61.03255892026239,
            "id": 172,
            "label": "\u098f\u09ac\u0982",
            "w": 118.1694225902953,
            "x": 1567.8427881448576,
            "y": 454.018334776607
        },
        {
            "h": 56,
            "id": 216,
            "label": "\u0997\u09b2\u09cd\u09aa",
            "w": 130.35766504080965,
            "x": 1575.9230035011315,
            "y": 66.95634354412392
        },
        {
            "h": 66,
            "id": 18,
            "label": "\u09ae\u09a8\u09c7",
            "w": 146,
            "x": 1610,
            "y": 2124
        },
        {
            "h": 89,
            "id": 34,
            "label": "\u09b8\u09c7\u0987",
            "w": 122,
            "x": 1617,
            "y": 1935
        },
        {
            "h": 55,
            "id": 101,
            "label": "\u09ac\u09b2\u09c7",
            "w": 136,
            "x": 1621,
            "y": 1221
        },
        {
            "h": 89,
            "id": 84,
            "label": "\u09aa\u09c2\u09b0\u09cd\u09ac",
            "w": 96,
            "x": 1622,
            "y": 1378
        },
        {
            "h": 58,
            "id": 207,
            "label": "\u0986\u09a1\u09bc\u09ae\u09cd\u09ac\u09b0",
            "w": 235,
            "x": 1627,
            "y": 187
        },
        {
            "h": 62,
            "id": 145,
            "label": "\u09a6\u09c7\u09af\u09bc",
            "w": 120,
            "x": 1629,
            "y": 725
        },
        {
            "h": 54,
            "id": 115,
            "label": "\u09b9\u09df\u09c7",
            "w": 136,
            "x": 1643,
            "y": 1091
        },
        {
            "h": 55,
            "id": 73,
            "label": "\u09a8\u09be\u09ae\u09c7",
            "w": 167,
            "x": 1643,
            "y": 1519
        },
        {
            "h": 88.49796034285986,
            "id": 42,
            "label": "\u09a6\u09c1\u0983\u0996",
            "w": 142.75004644155732,
            "x": 1602.9674868587058,
            "y": 1784.380121171371
        },
        {
            "h": 53,
            "id": 133,
            "label": "\u09a8\u09be\u09a8\u09be",
            "w": 110,
            "x": 1657,
            "y": 945
        },
        {
            "h": 58,
            "id": 159,
            "label": "\u09af\u09c7\u09a8",
            "w": 125,
            "x": 1696,
            "y": 579
        },
        {
            "h": 84,
            "id": 178,
            "label": "\u09a4\u09be\u09b0\u0987",
            "w": 183,
            "x": 1720,
            "y": 420
        },
        {
            "h": 82,
            "id": 91,
            "label": "\u09a6\u09bf\u0995\u09c7",
            "w": 122,
            "x": 1722,
            "y": 1338
        },
        {
            "h": 56,
            "id": 61,
            "label": "\u09aa\u09be\u09b0\u09be\u09aa\u09be\u09b0\u09c7",
            "w": 254,
            "x": 1736,
            "y": 1669
        },
        {
            "h": 61,
            "id": 221,
            "label": "\u09b6\u09cb\u09a8\u09be\u09a4\u09c7",
            "w": 174,
            "x": 1748,
            "y": 67
        },
        {
            "h": 97,
            "id": 23,
            "label": "\u0997\u09bf\u09af\u09bc\u09c7",
            "w": 149,
            "x": 1769,
            "y": 2082
        },
        {
            "h": 87,
            "id": 52,
            "label": "\u09aa\u09be\u09b6\u09be\u09aa\u09be\u09b6\u09bf",
            "w": 256,
            "x": 1767.9898163978464,
            "y": 1755
        },
        {
            "h": 62,
            "id": 31,
            "label": "\u099c\u09b2\u09c7\u09a4\u09c7",
            "w": 213,
            "x": 1784,
            "y": 1970
        },
        {
            "h": 40,
            "id": 189,
            "label": "\u09a1\u09be\u0995",
            "w": 115,
            "x": 1792,
            "y": 326
        },
        {
            "h": 48,
            "id": 130,
            "label": "\u09b0\u0999\u09c7\u09b0",
            "w": 137,
            "x": 1792,
            "y": 949
        },
        {
            "h": 52,
            "id": 114,
            "label": "\u09af\u09be\u09af\u09bc",
            "w": 102,
            "x": 1792,
            "y": 1091
        },
        {
            "h": 64,
            "id": 100,
            "label": "\u09b6\u09be\u09a8\u09cd\u09a4",
            "w": 153,
            "x": 1797,
            "y": 1222
        },
        {
            "h": 75,
            "id": 75,
            "label": "\u09ae\u09be\u09a0\u09c7",
            "w": 128,
            "x": 1846,
            "y": 1499
        },
        {
            "h": 54,
            "id": 85,
            "w": 136,
            "x": 1862,
            "y": 1376
        },
        {
            "h": 64,
            "id": 222,
            "label": "\u09ac\u09b8\u09c7",
            "w": 99,
            "x": 1924,
            "y": 61
        },
        {
            "h": 123.26398797783229,
            "id": 1667236657062,
            "label": "\u099a\u09bf\u09b0\u09c7",
            "w": 132.33605887106887,
            "x": 1072.7031938018051,
            "y": 277.01924064749755
        },
        {
            "h": 81.04828036379037,
            "id": 1667236849918,
            "label": "\u09b9\u09ac\u09c7",
            "w": 103.0536654958226,
            "x": 1143.2750988003436,
            "y": 1205.0453406483625
        }
    ],
    "file": "TahsinAlam170609_1.jpg"
}