{
    "boxes": [
        {
            "h": 35,
            "id": 6,
            "label": "\u09ac\u09be",
            "w": 68,
            "x": 94,
            "y": 1678
        },
        {
            "h": 54,
            "id": 29,
            "label": "\u0985\u09ac\u09b8\u09cd\u09a5\u09be\u09a8",
            "w": 188,
            "x": 96,
            "y": 1465
        },
        {
            "h": 65,
            "id": 18,
            "label": "\u09ac\u09bf\u09a8\u09be\u09b6",
            "w": 142,
            "x": 98,
            "y": 1551
        },
        {
            "h": 48,
            "id": 43,
            "label": "\u09b6\u09b0\u09ce",
            "w": 96,
            "x": 99,
            "y": 1349
        },
        {
            "h": 57,
            "id": 109,
            "label": "\u09b9\u09c3\u09a6\u09af\u09bc\u09c7\u09b0",
            "w": 167,
            "x": 105,
            "y": 828
        },
        {
            "h": 46,
            "id": 81,
            "label": "\u09b9\u09b2\u09c7",
            "w": 100,
            "x": 105,
            "y": 1037
        },
        {
            "h": 52,
            "id": 64,
            "label": "\u09b6\u09cd\u09b0\u09be\u09ac\u09a8\u09c7",
            "w": 147,
            "x": 108,
            "y": 1141
        },
        {
            "h": 78,
            "id": 58,
            "label": "\u098a\u09b7\u09be\u09b0",
            "w": 129,
            "x": 108,
            "y": 1219
        },
        {
            "h": 88,
            "id": 98,
            "label": "\u0995\u09c1\u099c\u09cd\u099d\u099f\u09bf\u0995\u09be",
            "w": 227,
            "x": 109,
            "y": 905
        },
        {
            "h": 66,
            "id": 140,
            "label": "\u0989\u09aa\u09b0",
            "w": 111,
            "x": 111,
            "y": 460
        },
        {
            "h": 70,
            "id": 178,
            "label": "\u09ac\u09b0\u09cd\u09b7\u09be\u09ae\u09c1\u0996\u09b0",
            "w": 200,
            "x": 112,
            "y": 168
        },
        {
            "h": 74,
            "id": 116,
            "label": "\u09b0\u0999\u09a7\u09a8\u09c1",
            "w": 149,
            "x": 113,
            "y": 661
        },
        {
            "h": 38,
            "id": 162,
            "label": "\u0993\u09b8\u09ae\u09be\u09a8",
            "w": 151,
            "x": 117,
            "y": 285
        },
        {
            "h": 49,
            "id": 121,
            "label": "\u09a2\u09c7\u09b0",
            "w": 94,
            "x": 117,
            "y": 581
        },
        {
            "h": 52,
            "id": 147,
            "label": "\u098b\u09a6\u09cd\u09a7",
            "w": 107,
            "x": 119,
            "y": 379
        },
        {
            "h": 58,
            "id": 5,
            "label": "\u09a4\u09be\u09b0\u09c7",
            "w": 127,
            "x": 180,
            "y": 1679
        },
        {
            "h": 61,
            "id": 83,
            "label": "\u09b8\u09be\u0999\u09cd\u0997",
            "w": 138,
            "x": 229,
            "y": 1030
        },
        {
            "h": 51,
            "id": 42,
            "label": "\u098b\u09a4\u09c1\u09a4\u09c7",
            "w": 151,
            "x": 229,
            "y": 1355
        },
        {
            "h": 49,
            "id": 120,
            "label": "\u09aa\u09c1\u09b0\u09cb\u09a8\u09cb",
            "w": 166,
            "x": 239,
            "y": 582
        },
        {
            "h": 47,
            "id": 133,
            "label": "\u09b6\u09c1\u0995\u09a8\u09cb",
            "w": 177,
            "x": 250,
            "y": 488
        },
        {
            "h": 78,
            "id": 19,
            "label": "\u0998\u099f\u09be\u09af\u09bc",
            "w": 136,
            "x": 251,
            "y": 1548
        },
        {
            "h": 46,
            "id": 56,
            "label": "\u0986\u0995\u09be\u09b6\u09c7",
            "w": 208,
            "x": 257,
            "y": 1253
        },
        {
            "h": 64,
            "id": 151,
            "label": "\u09ac\u09a8\u09ad\u09c2\u09ae\u09bf\u09b0",
            "w": 192,
            "x": 259,
            "y": 373
        },
        {
            "h": 68,
            "id": 68,
            "label": "\u0989\u09a4\u09cd\u09a4\u09b0",
            "w": 119,
            "x": 279,
            "y": 1126
        },
        {
            "h": 49,
            "id": 115,
            "label": "\u098f\u09a8\u09c7",
            "w": 85,
            "x": 281,
            "y": 677
        },
        {
            "h": 53,
            "id": 108,
            "label": "\u099a\u099e\u09cd\u099a\u09b2\u09a4\u09be",
            "w": 195,
            "x": 293,
            "y": 831
        },
        {
            "h": 76.99999999999999,
            "id": 166,
            "label": "\u09ad\u09c1\u0981\u0987\u099e\u09be",
            "w": 153,
            "x": 293.25644529701293,
            "y": 260.99999999999994
        },
        {
            "h": 58,
            "id": 4,
            "label": "\u09b8\u09c1\u09b8\u09cd\u09a5",
            "w": 111,
            "x": 320,
            "y": 1686
        },
        {
            "h": 60,
            "id": 176,
            "label": "\u09a6\u09bf\u09a8",
            "w": 93,
            "x": 335,
            "y": 182
        },
        {
            "h": 54,
            "id": 93,
            "label": "\u09aa\u09cd\u09b0\u09ad\u099e\u09cd\u099c\u09a8",
            "w": 170,
            "x": 352,
            "y": 937
        },
        {
            "h": 39,
            "id": 25,
            "label": "\u09af\u09c7",
            "w": 84,
            "x": 357,
            "y": 1479
        },
        {
            "h": 43,
            "id": 114,
            "label": "\u09a6\u09c7\u09af\u09bc",
            "w": 116,
            "x": 389,
            "y": 684
        },
        {
            "h": 42,
            "id": 78,
            "label": "\u09b9\u09ac\u09c7",
            "w": 101,
            "x": 391,
            "y": 1043
        },
        {
            "h": 46,
            "id": 40,
            "label": "\u099a\u09be\u0981\u09a6",
            "w": 99,
            "x": 404,
            "y": 1361
        },
        {
            "h": 73,
            "id": 70,
            "label": "\u09aa\u09c2\u09b0\u09cd\u09ac",
            "w": 104,
            "x": 415,
            "y": 1125
        },
        {
            "h": 73,
            "id": 127,
            "label": "\u0997\u09ad\u09c0\u09b0",
            "w": 133,
            "x": 428,
            "y": 552
        },
        {
            "h": 48,
            "id": 13,
            "label": "\u09b0\u09cb\u0997",
            "w": 120,
            "x": 441,
            "y": 1587
        },
        {
            "h": 36,
            "id": 135,
            "label": "\u09aa\u09be\u09a4\u09be",
            "w": 126,
            "x": 457,
            "y": 487
        },
        {
            "h": 54,
            "id": 2,
            "label": "\u0995\u09b0\u09c7",
            "w": 119,
            "x": 457,
            "y": 1697
        },
        {
            "h": 43,
            "id": 23,
            "label": "\u099c\u09b2\u09c7\u09a4\u09c7",
            "w": 174,
            "x": 461,
            "y": 1482
        },
        {
            "h": 46,
            "id": 175,
            "label": "\u09b6\u09c7\u09b7\u09c7",
            "w": 126,
            "x": 463,
            "y": 199
        },
        {
            "h": 54,
            "id": 54,
            "label": "\u09b8\u09a8\u09cd\u09a7\u09cd\u09af\u09be\u09b0",
            "w": 168,
            "x": 479,
            "y": 1258
        },
        {
            "h": 60,
            "id": 149,
            "label": "\u09a8\u09bf\u09b0\u09cd\u099c\u09a8\u09a4\u09be",
            "w": 188,
            "x": 490,
            "y": 375
        },
        {
            "h": 52,
            "id": 105,
            "label": "\u09ac\u09a8\u09cd\u09a7\u09c7",
            "w": 109,
            "x": 502,
            "y": 835
        },
        {
            "h": 58,
            "id": 84,
            "label": "\u09ac\u09bf\u099c\u09cd\u099e\u099c\u09a8\u09c7",
            "w": 195,
            "x": 508,
            "y": 1023
        },
        {
            "h": 67,
            "id": 164,
            "label": "\u0988\u09b7\u09be\u09a8",
            "w": 119,
            "x": 511,
            "y": 273
        },
        {
            "h": 66,
            "id": 65,
            "label": "\u09a6\u09bf\u0995\u09c7",
            "w": 101,
            "x": 528,
            "y": 1129
        },
        {
            "h": 43,
            "id": 39,
            "label": "\u0986\u09b2\u09cb\u09af\u09bc",
            "w": 227,
            "x": 538,
            "y": 1367
        },
        {
            "h": 68,
            "id": 97,
            "label": "\u09b6\u0999\u09cd\u0995\u09be\u09b0",
            "w": 150,
            "x": 549,
            "y": 916
        },
        {
            "h": 64,
            "id": 17,
            "label": "\u09af\u09a6\u09bf",
            "w": 106,
            "x": 571,
            "y": 1571
        },
        {
            "h": 51,
            "id": 124,
            "label": "\u09a6\u09c1\u0983\u0996",
            "w": 106,
            "x": 586,
            "y": 575
        },
        {
            "h": 53,
            "id": 138,
            "label": "\u099d\u09b0\u09c7",
            "w": 120,
            "x": 603,
            "y": 482
        },
        {
            "h": 71,
            "id": 111,
            "label": "\u09ac\u09cd\u09b0\u09a4\u09c0",
            "w": 108,
            "x": 620,
            "y": 815
        },
        {
            "h": 70,
            "id": 177,
            "label": "\u098a\u09b0\u09cd\u09a6\u09cd\u09a7\u09aa\u09be\u09a8\u09c7",
            "w": 185,
            "x": 636,
            "y": 177
        },
        {
            "h": 74,
            "id": 72,
            "label": "\u09b9\u09a0\u09be\u09ce",
            "w": 107,
            "x": 647,
            "y": 1116
        },
        {
            "h": 82,
            "id": 31,
            "label": "\u0988\u09b6\u09cd\u09ac\u09b0",
            "w": 155,
            "x": 656,
            "y": 1451
        },
        {
            "h": 43,
            "id": 160,
            "label": "\u0995\u09cb\u09a3\u09c7",
            "w": 129,
            "x": 662,
            "y": 304
        },
        {
            "h": 48,
            "id": 52,
            "label": "\u099b\u09be\u09af\u09bc\u09be",
            "w": 136,
            "x": 668,
            "y": 1261
        },
        {
            "h": 45,
            "id": 9,
            "label": "\u09a6\u09c7\u09b9",
            "w": 104,
            "x": 695,
            "y": 1593
        },
        {
            "h": 74,
            "id": 150,
            "label": "\u099a\u09bf\u09b0\u09c7",
            "w": 118,
            "x": 700,
            "y": 374
        },
        {
            "h": 49,
            "id": 96,
            "label": "\u0995\u09be\u09b0\u09a3",
            "w": 126,
            "x": 716,
            "y": 929
        },
        {
            "h": 42,
            "id": 79,
            "label": "\u09ac\u09b2\u09c7",
            "w": 102,
            "x": 716,
            "y": 1040
        },
        {
            "h": 68,
            "id": 126,
            "label": "\u09b9\u09a0\u09be\u09ce",
            "w": 117,
            "x": 720,
            "y": 555
        },
        {
            "h": 44,
            "id": 134,
            "label": "\u09aa\u09a1\u09bc\u09c7",
            "w": 112,
            "x": 738,
            "y": 487
        },
        {
            "h": 43,
            "id": 104,
            "label": "\u09b9\u09b2\u09c7",
            "w": 100,
            "x": 741,
            "y": 838
        },
        {
            "h": 48,
            "id": 62,
            "label": "\u099d\u09a1\u09bc",
            "w": 105,
            "x": 772,
            "y": 1149
        },
        {
            "h": 48,
            "id": 8,
            "label": "\u099b\u09c7\u09a1\u09bc\u09c7",
            "w": 123,
            "x": 812,
            "y": 1596
        },
        {
            "h": 34,
            "id": 159,
            "label": "\u09a4\u0996\u09a8",
            "w": 108,
            "x": 817,
            "y": 305
        },
        {
            "h": 68,
            "id": 57,
            "label": "\u0990",
            "w": 53,
            "x": 823,
            "y": 1234
        },
        {
            "h": 57,
            "id": 22,
            "label": "\u09a4\u09c3\u09b7\u09cd\u09a3\u09be",
            "w": 144,
            "x": 828,
            "y": 1484
        },
        {
            "h": 39,
            "id": 144,
            "label": "\u09a5\u09c7\u0995\u09c7",
            "w": 134,
            "x": 842,
            "y": 400
        },
        {
            "h": 46,
            "id": 80,
            "label": "\u09b6\u09be\u09a8\u09cd\u09a4",
            "w": 115,
            "x": 848,
            "y": 1038
        },
        {
            "h": 44,
            "id": 174,
            "label": "\u099a\u09c7\u09af\u09bc\u09c7",
            "w": 114,
            "x": 853,
            "y": 201
        },
        {
            "h": 49,
            "id": 94,
            "label": "\u09b2\u09a3\u09cd\u09a1\u09ad\u09a3\u09cd\u09a1",
            "w": 150,
            "x": 863,
            "y": 936
        },
        {
            "h": 46,
            "id": 123,
            "label": "\u09af\u09c7\u09a8",
            "w": 102,
            "x": 864,
            "y": 575
        },
        {
            "h": 73,
            "id": 141,
            "label": "\u0994\u09a6\u09be\u09b8\u09c0\u09a8\u09cd\u09af\u09c7",
            "w": 234,
            "x": 876,
            "y": 454
        },
        {
            "h": 70,
            "id": 110,
            "label": "\u099c\u09c0\u09ac\u09a8",
            "w": 116,
            "x": 876,
            "y": 816
        },
        {
            "h": 72.99999999999997,
            "id": 71,
            "label": "\u0989\u09a0\u09c7",
            "w": 94.41042286994208,
            "x": 890.3782357803209,
            "y": 1120.6567938477126
        },
        {
            "h": 49,
            "id": 53,
            "label": "\u09a6\u09c7\u0996\u09cb",
            "w": 163,
            "x": 898,
            "y": 1258
        },
        {
            "h": 45,
            "id": 7,
            "label": "\u09ae\u09a8\u09c7",
            "w": 97,
            "x": 944,
            "y": 1597
        },
        {
            "h": 49,
            "id": 161,
            "label": "\u0985\u09a8\u09cd\u09a7\u0995\u09be\u09b0",
            "w": 183,
            "x": 960,
            "y": 303
        },
        {
            "h": 43,
            "id": 76,
            "label": "\u09ad\u09be\u09ac\u09c7",
            "w": 120,
            "x": 988,
            "y": 1045
        },
        {
            "h": 78,
            "id": 30,
            "label": "\u09ae\u09c7\u099f\u09be\u09af\u09bc",
            "w": 173,
            "x": 992,
            "y": 1459
        },
        {
            "h": 34,
            "id": 172,
            "label": "\u09af\u0996\u09a8",
            "w": 107,
            "x": 994,
            "y": 204
        },
        {
            "h": 44,
            "id": 145,
            "label": "\u09b9\u09a4\u09c7",
            "w": 126,
            "x": 994,
            "y": 396
        },
        {
            "h": 85,
            "id": 128,
            "label": "\u09ac\u09c3\u09b7\u09cd\u099f\u09bf\u09a4\u09c7",
            "w": 173,
            "x": 1004,
            "y": 550
        },
        {
            "h": 70,
            "id": 106,
            "label": "\u09aa\u09b0\u09bf\u09aa\u09c2\u09b0\u09cd\u09a3",
            "w": 172,
            "x": 1018,
            "y": 832
        },
        {
            "h": 51,
            "id": 36,
            "label": "\u09b8\u09c1\u0996",
            "w": 92,
            "x": 1044,
            "y": 1375
        },
        {
            "h": 43,
            "id": 92,
            "label": "\u09b9\u09df\u09c7",
            "w": 113,
            "x": 1050,
            "y": 942
        },
        {
            "h": 68,
            "id": 14,
            "label": "\u0997\u09bf\u09af\u09bc\u09c7",
            "w": 139,
            "x": 1063,
            "y": 1579
        },
        {
            "h": 45,
            "id": 50,
            "label": "\u09a5\u09c7\u09ae\u09c7",
            "w": 123,
            "x": 1086,
            "y": 1267
        },
        {
            "h": 46,
            "id": 63,
            "label": "\u09ae\u09c7\u0998\u09c7\u09a4\u09c7",
            "w": 176,
            "x": 1103,
            "y": 1146
        },
        {
            "h": 47,
            "id": 82,
            "label": "\u098f",
            "w": 46,
            "x": 1131,
            "y": 1033
        },
        {
            "h": 48,
            "id": 173,
            "label": "\u0986\u09b7\u09be\u09a2\u09bc\u09c7",
            "w": 177,
            "x": 1135,
            "y": 203
        },
        {
            "h": 72,
            "id": 146,
            "label": "\u0990\u09b0\u09be\u09ac\u09a4\u09c7\u09b0",
            "w": 220,
            "x": 1157,
            "y": 381
        },
        {
            "h": 55,
            "id": 137,
            "label": "\u098f\u09ac\u0982",
            "w": 101,
            "x": 1158,
            "y": 482
        },
        {
            "h": 33,
            "id": 91,
            "label": "\u09af\u09be\u09af\u09bc",
            "w": 122,
            "x": 1171,
            "y": 944
        },
        {
            "h": 42,
            "id": 157,
            "label": "\u09ae\u09c7\u0998\u09c7\u09b0",
            "w": 161,
            "x": 1172,
            "y": 310
        },
        {
            "h": 49,
            "id": 75,
            "label": "\u09ac\u09cd\u09b0\u09b9\u09cd\u09ae\u09be\u09a3\u09cd\u09a1\u09c7",
            "w": 193,
            "x": 1188,
            "y": 1049
        },
        {
            "h": 62,
            "id": 27,
            "label": "\u09b8\u09c7\u0987",
            "w": 133,
            "x": 1189,
            "y": 1472
        },
        {
            "h": 46,
            "id": 102,
            "label": "\u09b9\u09ac\u09c7",
            "w": 110,
            "x": 1209,
            "y": 858
        },
        {
            "h": 70,
            "id": 122,
            "label": "\u09a7\u09c1\u09af\u09bc\u09c7",
            "w": 105,
            "x": 1217,
            "y": 575
        },
        {
            "h": 48,
            "id": 51,
            "label": "\u0997\u09c7\u099b\u09c7",
            "w": 126,
            "x": 1225,
            "y": 1266
        },
        {
            "h": 78,
            "id": 15,
            "label": "\u09a7\u09b0\u09c7",
            "w": 106,
            "x": 1227,
            "y": 1576
        },
        {
            "h": 67,
            "id": 139,
            "label": "\u09a4\u09be\u09b0\u0987",
            "w": 147,
            "x": 1272,
            "y": 476
        },
        {
            "h": 48,
            "id": 61,
            "label": "\u09a2\u09be\u0995\u09c7",
            "w": 125,
            "x": 1294,
            "y": 1153
        },
        {
            "h": 70,
            "id": 95,
            "label": "\u09a7\u09b0\u09be\u09b0",
            "w": 132,
            "x": 1319,
            "y": 933
        },
        {
            "h": 67,
            "id": 41,
            "label": "\u09aa\u09be\u09b6\u09be\u09aa\u09be\u09b6\u09bf",
            "w": 252,
            "x": 1324,
            "y": 1355
        },
        {
            "h": 39,
            "id": 101,
            "label": "\u09a8\u09be\u09a8\u09be",
            "w": 120,
            "x": 1337,
            "y": 863
        },
        {
            "h": 48,
            "id": 118,
            "label": "\u09ae\u09c1\u099b\u09c7",
            "w": 108,
            "x": 1350,
            "y": 595
        },
        {
            "h": 45,
            "id": 171,
            "label": "\u0997\u09b2\u09cd\u09aa",
            "w": 128,
            "x": 1354,
            "y": 206
        },
        {
            "h": 47.99999999999999,
            "id": 156,
            "label": "\u0986\u09a1\u09bc\u09ae\u09cd\u09ac\u09b0",
            "w": 213.99999999999997,
            "x": 1355.9999999999998,
            "y": 309.99999999999994
        },
        {
            "h": 46,
            "id": 21,
            "label": "\u099c\u09b2\u09c7\u09a4\u09c7",
            "w": 186,
            "x": 1357,
            "y": 1494
        },
        {
            "h": 85,
            "id": 16,
            "label": "\u0994\u09b7\u09a7\u09c7\u09b0",
            "w": 176,
            "x": 1368,
            "y": 1573
        },
        {
            "h": 53,
            "id": 49,
            "label": "\u09aa\u09be\u09b0\u09be\u09aa\u09be\u09b0\u09c7",
            "w": 253,
            "x": 1372,
            "y": 1270
        },
        {
            "h": 71,
            "id": 77,
            "label": "\u09ac\u09be\u099e\u09cd\u099b\u09bf\u09a4\u09ab\u09b2",
            "w": 245,
            "x": 1403,
            "y": 1044
        },
        {
            "h": 38,
            "id": 143,
            "label": "\u09a1\u09be\u0995",
            "w": 118.99999999999999,
            "x": 1402.3141113242532,
            "y": 411.99999999999994
        },
        {
            "h": 89,
            "id": 69,
            "label": "\u09ac\u09c3\u09b7\u09cd\u099f\u09bf",
            "w": 102,
            "x": 1435,
            "y": 1125
        },
        {
            "h": 79.27842783333095,
            "id": 130,
            "label": "\u09ab\u09be\u0981\u0995\u09c7",
            "w": 127.99999999999996,
            "x": 1439.3141113242532,
            "y": 478.42002299705655
        },
        {
            "h": 72,
            "id": 119,
            "label": "\u09a7\u09c2\u09b8\u09b0",
            "w": 124,
            "x": 1475,
            "y": 583
        },
        {
            "h": 67,
            "id": 103,
            "label": "\u09b0\u0999\u09c7\u09b0",
            "w": 136,
            "x": 1480,
            "y": 844
        },
        {
            "h": 46,
            "id": 89,
            "label": "\u0985\u0999\u09cd\u0997\u09a8",
            "w": 147,
            "x": 1480,
            "y": 959
        },
        {
            "h": 47,
            "id": 170,
            "label": "\u09b6\u09cb\u09a8\u09be\u09a4\u09c7",
            "w": 206,
            "x": 1503,
            "y": 207
        },
        {
            "h": 50,
            "id": 60,
            "label": "\u09a8\u09be\u09ae\u09c7",
            "w": 124,
            "x": 1559,
            "y": 1162
        },
        {
            "h": 83,
            "id": 28,
            "label": "\u099c\u09c0\u09ac\u0995\u09c1\u09b2\u09c7",
            "w": 210,
            "x": 1561,
            "y": 1466
        },
        {
            "h": 81,
            "id": 148,
            "label": "\u09ae\u09be\u099f\u09bf\u09b0",
            "w": 174,
            "x": 1564,
            "y": 375
        },
        {
            "h": 46,
            "id": 33,
            "label": "\u09b8\u09b9",
            "w": 140,
            "x": 1596,
            "y": 1385
        },
        {
            "h": 47,
            "id": 132,
            "label": "\u099c\u09ae\u09c7",
            "w": 106,
            "x": 1607,
            "y": 507
        },
        {
            "h": 45,
            "id": 158,
            "label": "\u09b8\u09ac\u09c1\u099c\u09c7",
            "w": 165,
            "x": 1624,
            "y": 308
        },
        {
            "h": 79,
            "id": 125,
            "label": "\u099c\u09c0\u09ac\u09a8\u09c7",
            "w": 157,
            "x": 1628,
            "y": 568
        },
        {
            "h": 50,
            "id": 100,
            "label": "\u09ab\u09c1\u09b2\u09c7",
            "w": 107,
            "x": 1640,
            "y": 868
        },
        {
            "h": 52,
            "id": 48,
            "label": "\u0996\u09c7\u09af\u09bc\u09be",
            "w": 149,
            "x": 1653,
            "y": 1279
        },
        {
            "h": 46,
            "id": 74,
            "label": "\u09ae\u09c7\u09b2\u09c7",
            "w": 123,
            "x": 1672,
            "y": 1069
        },
        {
            "h": 73,
            "id": 90,
            "label": "\u0995\u09cd\u09b7\u09bf\u09aa\u09cd\u09a4",
            "w": 146,
            "x": 1675,
            "y": 944
        },
        {
            "h": 91,
            "id": 66,
            "label": "\u09ae\u09be\u09a0\u09c7",
            "w": 134,
            "x": 1698,
            "y": 1127
        },
        {
            "h": 46,
            "id": 169,
            "label": "\u09ac\u09b8\u09c7",
            "w": 112,
            "x": 1721,
            "y": 207
        },
        {
            "h": 38,
            "id": 131,
            "label": "\u09a5\u09be\u0995\u09be",
            "w": 130,
            "x": 1734,
            "y": 509
        },
        {
            "h": 66.41984619282405,
            "id": 1667244599846,
            "label": "\u0997\u0997\u09a8",
            "w": 81.08955086642858,
            "x": 992.1260362414691,
            "y": 1137.1077668211476
        },
        {
            "h": 87.67419697452749,
            "id": 1667244723864,
            "label": "\u0985\u0982\u09b6\u09c1\u09ae\u09be\u09a8",
            "w": 221.15332054480515,
            "x": 785.716270399651,
            "y": 1344.3376869427589
        },
        {
            "h": 87.6741969745278,
            "id": 1667244727867,
            "label": "\u09a6\u09c1\u0983\u0996",
            "w": 116.10549328602272,
            "x": 1163.519859663693,
            "y": 1357.6216561813235
        },
        {
            "h": 71.73343388824999,
            "id": 1667244838344,
            "label": "\u09b8\u09be\u09a7\u09cd\u09af",
            "w": 130.8490479890095,
            "x": 1570.8105583337092,
            "y": 1588.7627209323514
        },
        {
            "h": 103.61496006080561,
            "id": 1667244845278,
            "label": "\u0995\u09c0",
            "w": 79.24660652855513,
            "x": 1714.5602166878325,
            "y": 1575.4787516937863
        }
    ],
    "file": "TajmunNahar170601_1.jpg"
}