{
    "boxes": [
        {
            "h": 60,
            "id": 54,
            "label": "\u09a2\u09be\u0995\u09c7",
            "w": 140,
            "x": 18,
            "y": 1286
        },
        {
            "h": 77.45949916876417,
            "id": 82,
            "label": "\u09b9\u09b2\u09c7",
            "w": 148.00000000000003,
            "x": 19,
            "y": 1092.2702504156177
        },
        {
            "h": 108.50253324076078,
            "id": 10,
            "label": "\u09a7\u09b0\u09c7",
            "w": 105.00000000000001,
            "x": 22.999999999999996,
            "y": 1626.2487333796198
        },
        {
            "h": 95.51790022763628,
            "id": 33,
            "label": "\u09aa\u09be\u09b6\u09be\u09aa\u09be\u09b6\u09bf",
            "w": 271,
            "x": 27.00000000000001,
            "y": 1433.2410498861818
        },
        {
            "h": 70,
            "id": 42,
            "label": "\u09aa\u09be\u09b0\u09be\u09aa\u09be\u09b0\u09c7",
            "w": 236.00000000000003,
            "x": 33.39078438063434,
            "y": 1368
        },
        {
            "h": 95.83446422168115,
            "id": 19,
            "label": "\u099c\u09b2\u09c7\u09a4\u09c7",
            "w": 209,
            "x": 35.00000000000001,
            "y": 1541.8642979632339
        },
        {
            "h": 104.8892497888666,
            "id": 95,
            "label": "\u0995\u09c1\u099c\u09cd\u099d\u099f\u09bf\u0995\u09be",
            "w": 272,
            "x": 34.3738575662915,
            "y": 979.2429782539807
        },
        {
            "h": 95.76951448890894,
            "id": 66,
            "label": "\u09b6\u09cd\u09b0\u09be\u09ac\u09a8\u09c7",
            "w": 178.00000000000006,
            "x": 36.79550486406471,
            "y": 1173.6152427555455
        },
        {
            "h": 94.3385371433496,
            "id": 102,
            "label": "\u09b9\u09c3\u09a6\u09af\u09bc\u09c7\u09b0",
            "w": 222.7477418228363,
            "x": 33.62612908858186,
            "y": 881.2949582006602
        },
        {
            "h": 109.88269275470793,
            "id": 170,
            "label": "\u09ac\u09b0\u09cd\u09b7\u09be\u09ae\u09c1\u0996\u09b0",
            "w": 214,
            "x": 49.82036451953822,
            "y": 180.08180157250234
        },
        {
            "h": 85.84036402087595,
            "id": 110,
            "label": "\u09a6\u09c7\u09af\u09bc",
            "w": 188.36255666574476,
            "x": 51.49401888877467,
            "y": 669.310224714419
        },
        {
            "h": 49,
            "id": 156,
            "label": "\u0993\u09b8\u09ae\u09be\u09a8",
            "w": 176,
            "x": 64,
            "y": 316
        },
        {
            "h": 114.9904104749811,
            "id": 147,
            "label": "\u09ac\u09a8\u09ad\u09c2\u09ae\u09bf\u09b0",
            "w": 223.00000000000003,
            "x": 67,
            "y": 372.50479476250945
        },
        {
            "h": 67.72417007929423,
            "id": 131,
            "label": "\u09aa\u09be\u09a4\u09be",
            "w": 143,
            "x": 68.37385756629156,
            "y": 495.1379149603529
        },
        {
            "h": 96,
            "id": 124,
            "label": "\u0997\u09ad\u09c0\u09b0",
            "w": 150,
            "x": 74,
            "y": 562
        },
        {
            "h": 106.93628324130987,
            "id": 8,
            "label": "\u0994\u09b7\u09a7\u09c7\u09b0",
            "w": 139.00000000000006,
            "x": 166.60921561936567,
            "y": 1634.2503283052713
        },
        {
            "h": 81,
            "id": 56,
            "label": "\u09ac\u09c3\u09b7\u09cd\u099f\u09bf",
            "w": 164,
            "x": 179,
            "y": 1273
        },
        {
            "h": 65.84668490043701,
            "id": 79,
            "label": "\u09b8\u09be\u0999\u09cd\u0997",
            "w": 162.00000000000003,
            "x": 185.00000000000009,
            "y": 1101.91968436652
        },
        {
            "h": 93.02743835499216,
            "id": 129,
            "label": "\u099d\u09b0\u09c7",
            "w": 112,
            "x": 230.00000000000003,
            "y": 491.48628082250394
        },
        {
            "h": 98.1875347855645,
            "id": 72,
            "label": "\u0989\u09a4\u09cd\u09a4\u09b0",
            "w": 155.00000000000009,
            "x": 398.28055670749654,
            "y": 1178.329528998829
        },
        {
            "h": 92.74473021465928,
            "id": 162,
            "label": "\u09ad\u09c1\u0981\u0987\u099e\u09be",
            "w": 189.00608890196716,
            "x": 260.4969555490165,
            "y": 285.12763489267036
        },
        {
            "h": 104.2393364851834,
            "id": 22,
            "label": "\u099c\u09c0\u09ac\u0995\u09c1\u09b2\u09c7",
            "w": 245.00000000000003,
            "x": 274.00000000000006,
            "y": 1528.8803317574082
        },
        {
            "h": 98.32847497509113,
            "id": 103,
            "label": "\u099a\u099e\u09cd\u099a\u09b2\u09a4\u09be",
            "w": 215.00000000000003,
            "x": 282,
            "y": 886.8357625124546
        },
        {
            "h": 79,
            "id": 176,
            "label": "\u09a6\u09bf\u09a8",
            "w": 88,
            "x": 290,
            "y": 186
        },
        {
            "h": 67,
            "id": 40,
            "label": "\u0996\u09c7\u09af\u09bc\u09be",
            "w": 145,
            "x": 296,
            "y": 1379
        },
        {
            "h": 104.87494305749365,
            "id": 116,
            "label": "\u09a6\u09c1\u0983\u0996",
            "w": 162.6952599514673,
            "x": 233.41000984042347,
            "y": 574.9277318336817
        },
        {
            "h": 104.15360860019567,
            "id": 146,
            "label": "\u09a8\u09bf\u09b0\u09cd\u099c\u09a8\u09a4\u09be",
            "w": 255.9272271998365,
            "x": 303.42737530915144,
            "y": 386.247288329301
        },
        {
            "h": 82.15360218412073,
            "id": 29,
            "label": "\u09b8\u09b9",
            "w": 123.00000000000004,
            "x": 334.00000000000006,
            "y": 1448.5493192042354
        },
        {
            "h": 107,
            "id": 9,
            "label": "\u09b8\u09be\u09a7\u09cd\u09af",
            "w": 166,
            "x": 339,
            "y": 1640
        },
        {
            "h": 92.12077105768098,
            "id": 89,
            "label": "\u09aa\u09cd\u09b0\u09ad\u099e\u09cd\u099c\u09a8",
            "w": 198.62532999021735,
            "x": 336.68733500489145,
            "y": 996.9396144711595
        },
        {
            "h": 71.82127078629532,
            "id": 77,
            "label": "\u09b9\u09ac\u09c7",
            "w": 118.00000000000003,
            "x": 364.47132090410787,
            "y": 1099.6184450570659
        },
        {
            "h": 93,
            "id": 57,
            "label": "\u098a\u09b7\u09be\u09b0",
            "w": 145,
            "x": 369,
            "y": 1270
        },
        {
            "h": 89.27019303710065,
            "id": 128,
            "label": "\u09aa\u09a1\u09bc\u09c7",
            "w": 129.00000000000003,
            "x": 372,
            "y": 497.3649034814497
        },
        {
            "h": 81.50286864306858,
            "id": 169,
            "label": "\u09b6\u09c7\u09b7\u09c7",
            "w": 167.9928880700949,
            "x": 386.3119156270309,
            "y": 192.66245444837944
        },
        {
            "h": 94.67982014481281,
            "id": 118,
            "label": "\u09b9\u09a0\u09be\u09ce",
            "w": 124.00000000000003,
            "x": 429,
            "y": 580.0252932900222
        },
        {
            "h": 95.08532915471756,
            "id": 164,
            "label": "\u0988\u09b7\u09be\u09a8",
            "w": 147.00000000000003,
            "x": 449,
            "y": 269.9573354226412
        },
        {
            "h": 72.36395619353065,
            "id": 28,
            "label": "\u0985\u09ac\u09b8\u09cd\u09a5\u09be\u09a8",
            "w": 228.00000000000003,
            "x": 493.00000000000006,
            "y": 1474.318021903235
        },
        {
            "h": 91,
            "id": 84,
            "label": "\u09ac\u09bf\u099c\u09cd\u099e\u099c\u09a8\u09c7",
            "w": 239,
            "x": 511,
            "y": 1084
        },
        {
            "h": 66,
            "id": 38,
            "label": "\u09b6\u09b0\u09ce",
            "w": 123,
            "x": 513,
            "y": 1391
        },
        {
            "h": 85,
            "id": 11,
            "label": "\u0995\u09c0",
            "w": 107,
            "x": 513,
            "y": 1634
        },
        {
            "h": 111.2044263178194,
            "id": 106,
            "label": "\u09ac\u09a8\u09cd\u09a7\u09c7",
            "w": 123.00000000000001,
            "x": 515.0000000000001,
            "y": 861.8977868410902
        },
        {
            "h": 112.77856845686185,
            "id": 136,
            "label": "\u0994\u09a6\u09be\u09b8\u09c0\u09a8\u09cd\u09af\u09c7",
            "w": 241.00000000000003,
            "x": 516.0000000000001,
            "y": 474.11071577156906
        },
        {
            "h": 76,
            "id": 21,
            "label": "\u09ac\u09bf\u09a8\u09be\u09b6",
            "w": 187,
            "x": 527,
            "y": 1554
        },
        {
            "h": 81.99255585011187,
            "id": 87,
            "label": "\u09b6\u0999\u09cd\u0995\u09be\u09b0",
            "w": 183.00000000000009,
            "x": 556.0000000000002,
            "y": 997.3518921541952
        },
        {
            "h": 111.76935912506147,
            "id": 65,
            "label": "\u09aa\u09c2\u09b0\u09cd\u09ac",
            "w": 100.46354561274235,
            "x": 542.8592369217583,
            "y": 1168.2546954356085
        },
        {
            "h": 92.2571418835716,
            "id": 51,
            "label": "\u0986\u0995\u09be\u09b6\u09c7",
            "w": 268.00000000000006,
            "x": 562,
            "y": 1281.8714290582143
        },
        {
            "h": 108.69614723728823,
            "id": 175,
            "label": "\u098a\u09b0\u09cd\u09a6\u09cd\u09a7\u09aa\u09be\u09a8\u09c7",
            "w": 242,
            "x": 566.0000000000001,
            "y": 176.6519263813559
        },
        {
            "h": 83.82870310802184,
            "id": 113,
            "label": "\u09af\u09c7\u09a8",
            "w": 111,
            "x": 571,
            "y": 598.5856484459891
        },
        {
            "h": 100.77675273575062,
            "id": 148,
            "label": "\u099a\u09bf\u09b0\u09c7",
            "w": 132,
            "x": 581,
            "y": 380.6116236321247
        },
        {
            "h": 87.89329554996839,
            "id": 159,
            "label": "\u0995\u09cb\u09a3\u09c7",
            "w": 185.00000000000003,
            "x": 613.0000000000001,
            "y": 290.05335222501583
        },
        {
            "h": 82.17894402984179,
            "id": 6,
            "label": "\u09ac\u09be",
            "w": 68,
            "x": 639,
            "y": 1665.4105279850787
        },
        {
            "h": 77.93022774693434,
            "id": 67,
            "label": "\u09a6\u09bf\u0995\u09c7",
            "w": 168.00000000000003,
            "x": 641,
            "y": 1180.534886126533
        },
        {
            "h": 119.21456938700578,
            "id": 108,
            "label": "\u09ac\u09cd\u09b0\u09a4\u09c0",
            "w": 110.00000000000001,
            "x": 645.0000000000001,
            "y": 853.892715306497
        },
        {
            "h": 70,
            "id": 39,
            "label": "\u098b\u09a4\u09c1\u09a4\u09c7",
            "w": 185,
            "x": 658,
            "y": 1388
        },
        {
            "h": 108,
            "id": 122,
            "label": "\u09ac\u09c3\u09b7\u09cd\u099f\u09bf\u09a4\u09c7",
            "w": 203.00000000000003,
            "x": 708.0000000000001,
            "y": 589.808779825429
        },
        {
            "h": 82.44450870866247,
            "id": 142,
            "label": "\u09a5\u09c7\u0995\u09c7",
            "w": 164,
            "x": 719,
            "y": 396.27774564566874
        },
        {
            "h": 111.53569688111561,
            "id": 5,
            "label": "\u09a4\u09be\u09b0\u09c7",
            "w": 132,
            "x": 750.0000000000001,
            "y": 1661.7321515594422
        },
        {
            "h": 78,
            "id": 20,
            "label": "\u0998\u099f\u09be\u09af\u09bc",
            "w": 162,
            "x": 753,
            "y": 1560
        },
        {
            "h": 74.12510789598467,
            "id": 75,
            "label": "\u09ac\u09b2\u09c7",
            "w": 126,
            "x": 765.0000000000001,
            "y": 1108.4374460520078
        },
        {
            "h": 91.05328385888573,
            "id": 90,
            "label": "\u0995\u09be\u09b0\u09a3",
            "w": 169,
            "x": 767.0000000000001,
            "y": 992.9733580705572
        },
        {
            "h": 92.31620519957396,
            "id": 98,
            "label": "\u09b9\u09b2\u09c7",
            "w": 134.00000000000003,
            "x": 774.0000000000001,
            "y": 899.841897400213
        },
        {
            "h": 61.00000000000001,
            "id": 27,
            "label": "\u09af\u09c7",
            "w": 117.00000000000001,
            "x": 779.0000000000001,
            "y": 1484.781530074074
        },
        {
            "h": 85.3041728844521,
            "id": 158,
            "label": "\u09a4\u0996\u09a8",
            "w": 123.00000000000001,
            "x": 799.0000000000001,
            "y": 284.34791355777395
        },
        {
            "h": 91.70316797312822,
            "id": 127,
            "label": "\u098f\u09ac\u0982",
            "w": 103.00000000000004,
            "x": 809.0000000000003,
            "y": 480.7286994788544
        },
        {
            "h": 81,
            "id": 68,
            "label": "\u09b9\u09a0\u09be\u09ce",
            "w": 128,
            "x": 820,
            "y": 1181
        },
        {
            "h": 68.51725073685449,
            "id": 171,
            "label": "\u099a\u09c7\u09af\u09bc\u09c7",
            "w": 154.84460351881418,
            "x": 824.4878805003624,
            "y": 200.64368942655835
        },
        {
            "h": 91.96256187052542,
            "id": 55,
            "label": "\u09b8\u09a8\u09cd\u09a7\u09cd\u09af\u09be\u09b0",
            "w": 211.00000000000006,
            "x": 854.7815687612688,
            "y": 1285.5187190647373
        },
        {
            "h": 88,
            "id": 41,
            "label": "\u099a\u09be\u0981\u09a6",
            "w": 116,
            "x": 897,
            "y": 1368
        },
        {
            "h": 79.7874132278779,
            "id": 143,
            "label": "\u09b9\u09a4\u09c7",
            "w": 114.00000000000001,
            "x": 907.0000000000001,
            "y": 393.106293386061
        },
        {
            "h": 68.99267473952752,
            "id": 74,
            "label": "\u09b6\u09be\u09a8\u09cd\u09a4",
            "w": 134.00000000000003,
            "x": 911,
            "y": 1110.5036626302362
        },
        {
            "h": 92.73457846380963,
            "id": 26,
            "label": "\u099c\u09b2\u09c7\u09a4\u09c7",
            "w": 207,
            "x": 915.0000000000001,
            "y": 1477.6327107680952
        },
        {
            "h": 89.3752574294417,
            "id": 3,
            "label": "\u09b8\u09c1\u09b8\u09cd\u09a5",
            "w": 131,
            "x": 918,
            "y": 1674.3123712852791
        },
        {
            "h": 135.83896939806766,
            "id": 107,
            "label": "\u099c\u09c0\u09ac\u09a8",
            "w": 140.00000000000003,
            "x": 922.0000000000001,
            "y": 851.5805153009663
        },
        {
            "h": 80,
            "id": 135,
            "label": "\u09a4\u09be\u09b0\u0987",
            "w": 138,
            "x": 936,
            "y": 477
        },
        {
            "h": 102.1246068402899,
            "id": 121,
            "label": "\u09a7\u09c1\u09af\u09bc\u09c7",
            "w": 133,
            "x": 937.0000000000001,
            "y": 569.9376965798551
        },
        {
            "h": 92.00760366288105,
            "id": 86,
            "label": "\u09b2\u09a3\u09cd\u09a1\u09ad\u09a3\u09cd\u09a1",
            "w": 195.00000000000003,
            "x": 951.0000000000001,
            "y": 994.4961981685594
        },
        {
            "h": 84,
            "id": 165,
            "label": "\u0985\u09a8\u09cd\u09a7\u0995\u09be\u09b0",
            "w": 208,
            "x": 953,
            "y": 273
        },
        {
            "h": 79.67486966736469,
            "id": 64,
            "label": "\u099d\u09a1\u09bc",
            "w": 105.00000000000001,
            "x": 965.9999999999999,
            "y": 1190.1625651663176
        },
        {
            "h": 83.42699873703202,
            "id": 13,
            "label": "\u09b0\u09cb\u0997",
            "w": 155.00000000000003,
            "x": 975.0000000000002,
            "y": 1577.286500631484
        },
        {
            "h": 46,
            "id": 172,
            "label": "\u09af\u0996\u09a8",
            "w": 123,
            "x": 1001,
            "y": 207
        },
        {
            "h": 62,
            "id": 36,
            "label": "\u0986\u09b2\u09cb\u09af\u09bc",
            "w": 252,
            "x": 1029,
            "y": 1396
        },
        {
            "h": 82.92140057748458,
            "id": 149,
            "label": "\u0990\u09b0\u09be\u09ac\u09a4\u09c7\u09b0",
            "w": 234.00000000000003,
            "x": 1051,
            "y": 380.03929971125774
        },
        {
            "h": 83.49437838644432,
            "id": 4,
            "label": "\u0995\u09b0\u09c7",
            "w": 114.00000000000001,
            "x": 1072.0000000000002,
            "y": 1673.7528108067777
        },
        {
            "h": 92.11911143907875,
            "id": 114,
            "label": "\u09ae\u09c1\u099b\u09c7",
            "w": 137,
            "x": 1078.0000000000002,
            "y": 592.9404442804607
        },
        {
            "h": 76.91008570508382,
            "id": 47,
            "label": "\u099b\u09be\u09af\u09bc\u09be",
            "w": 186,
            "x": 1080.1953921903173,
            "y": 1300.544957147458
        },
        {
            "h": 88,
            "id": 137,
            "label": "\u09ab\u09be\u0981\u0995\u09c7",
            "w": 138,
            "x": 1104,
            "y": 473
        },
        {
            "h": 101.86180923115121,
            "id": 17,
            "label": "\u09af\u09a6\u09bf",
            "w": 108.00000000000001,
            "x": 1146.0000000000002,
            "y": 1558.0690953844244
        },
        {
            "h": 92,
            "id": 32,
            "label": "\u0988\u09b6\u09cd\u09ac\u09b0",
            "w": 133,
            "x": 1151,
            "y": 1461
        },
        {
            "h": 61,
            "id": 173,
            "label": "\u0986\u09b7\u09be\u09a2\u09bc\u09c7",
            "w": 200,
            "x": 1158,
            "y": 199
        },
        {
            "h": 86.23471147053354,
            "id": 88,
            "label": "\u09b9\u09df\u09c7",
            "w": 139.3755685457866,
            "x": 1157.8972305473103,
            "y": 993.1147576509007
        },
        {
            "h": 121.61641898906402,
            "id": 94,
            "label": "\u09aa\u09b0\u09bf\u09aa\u09c2\u09b0\u09cd\u09a3",
            "w": 199.8038429669429,
            "x": 1084.1842550874808,
            "y": 869.2886213202819
        },
        {
            "h": 65,
            "id": 160,
            "label": "\u09ae\u09c7\u0998\u09c7\u09b0",
            "w": 179,
            "x": 1177,
            "y": 294
        },
        {
            "h": 90.13518261520406,
            "id": 7,
            "label": "?",
            "w": 60.973800004402754,
            "x": 1196.5130999977987,
            "y": 1657.9324086923978
        },
        {
            "h": 100.42432250912614,
            "id": 63,
            "label": "\u0997\u0997\u09a8",
            "w": 147.00000000000003,
            "x": 1211,
            "y": 1189.2878387454368
        },
        {
            "h": 72.62708753302827,
            "id": 81,
            "label": "\u098f",
            "w": 84.98914498545862,
            "x": 1207.0054275072707,
            "y": 1095.1864562334858
        },
        {
            "h": 102.601310617731,
            "id": 119,
            "label": "\u09a7\u09c2\u09b8\u09b0",
            "w": 113.00000000000001,
            "x": 1239,
            "y": 577.1993446911345
        },
        {
            "h": 82.2323547197194,
            "id": 130,
            "label": "\u099c\u09ae\u09c7",
            "w": 144,
            "x": 1253.0000000000002,
            "y": 492.38382264014035
        },
        {
            "h": 90.40704822715124,
            "id": 15,
            "label": "\u09a6\u09c7\u09b9",
            "w": 132,
            "x": 1271.1953921903175,
            "y": 1570.2964758864243
        },
        {
            "h": 83.99747584381328,
            "id": 50,
            "label": "\u0990",
            "w": 58,
            "x": 1285.0000000000005,
            "y": 1287.2827921521678
        },
        {
            "h": 117.81269079709378,
            "id": 97,
            "label": "\u09b9\u09ac\u09c7",
            "w": 96,
            "x": 1294.390784380635,
            "y": 876.2197748977491
        },
        {
            "h": 86.33601416591841,
            "id": 144,
            "label": "\u09a1\u09be\u0995",
            "w": 103.00000000000001,
            "x": 1293.0000000000002,
            "y": 377.8319929170408
        },
        {
            "h": 83.37833430377415,
            "id": 80,
            "label": "\u09ac\u09cd\u09b0\u09b9\u09cd\u09ae\u09be\u09a3\u09cd\u09a1\u09c7",
            "w": 204,
            "x": 1297.0000000000002,
            "y": 1096.810832848113
        },
        {
            "h": 61,
            "id": 34,
            "label": "\u0985\u0982\u09b6\u09c1\u09ae\u09be\u09a8",
            "w": 269,
            "x": 1302,
            "y": 1405
        },
        {
            "h": 93.12949666728203,
            "id": 23,
            "label": "\u09a4\u09c3\u09b7\u09cd\u09a3\u09be",
            "w": 156,
            "x": 1310.0000000000002,
            "y": 1483.9352516663594
        },
        {
            "h": 92.27427118856183,
            "id": 48,
            "label": "\u09a6\u09c7\u0996\u09cb",
            "w": 181.2285098115939,
            "x": 1348.0470184331027,
            "y": 1291.6443944797932
        },
        {
            "h": 67,
            "id": 161,
            "label": "\u0986\u09a1\u09bc\u09ae\u09cd\u09ac\u09b0",
            "w": 244.96949044687346,
            "x": 1374.8932967513613,
            "y": 286.36520336242853
        },
        {
            "h": 92,
            "id": 123,
            "label": "\u099c\u09c0\u09ac\u09a8\u09c7",
            "w": 166,
            "x": 1374,
            "y": 563
        },
        {
            "h": 56,
            "id": 174,
            "label": "\u0997\u09b2\u09cd\u09aa",
            "w": 136,
            "x": 1377,
            "y": 198
        },
        {
            "h": 89.17876845727889,
            "id": 62,
            "label": "\u09ae\u09c7\u0998\u09c7\u09a4\u09c7",
            "w": 247,
            "x": 1380.0000000000002,
            "y": 1196.9106157713607
        },
        {
            "h": 111.68307272263365,
            "id": 100,
            "label": "\u09a8\u09be\u09a8\u09be",
            "w": 122.00000000000003,
            "x": 1397.8046078096836,
            "y": 879.2215237868315
        },
        {
            "h": 77.48887418656915,
            "id": 14,
            "label": "\u099b\u09c7\u09a1\u09bc\u09c7",
            "w": 157.00000000000003,
            "x": 1412,
            "y": 1576.7555629067153
        },
        {
            "h": 74.38226419837328,
            "id": 133,
            "label": "\u09a5\u09be\u0995\u09be",
            "w": 172.0863364029677,
            "x": 1408.4568317985163,
            "y": 482.8088679008133
        },
        {
            "h": 90.89403941794552,
            "id": 93,
            "label": "\u09a7\u09b0\u09be\u09b0",
            "w": 127.00000000000001,
            "x": 1421.0000000000002,
            "y": 982.0529802910274
        },
        {
            "h": 100.6840629520015,
            "id": 152,
            "label": "\u09ae\u09be\u099f\u09bf\u09b0",
            "w": 190.70080119186258,
            "x": 1416.5922412122852,
            "y": 357.7858612570478
        },
        {
            "h": 82,
            "id": 30,
            "label": "\u09ae\u09c7\u099f\u09be\u09af\u09bc",
            "w": 180.00000000000003,
            "x": 1480.6092156193656,
            "y": 1477.655409777778
        },
        {
            "h": 86.64145784717155,
            "id": 83,
            "label": "\u09ac\u09be\u099e\u09cd\u099b\u09bf\u09a4\u09ab\u09b2",
            "w": 278.00000000000006,
            "x": 1514.0000000000002,
            "y": 1088.1792710764141
        },
        {
            "h": 104.51266449512453,
            "id": 99,
            "label": "\u09b0\u0999\u09c7\u09b0",
            "w": 135.00000000000003,
            "x": 1535,
            "y": 891.2436677524379
        },
        {
            "h": 69,
            "id": 178,
            "label": "\u09b6\u09cb\u09a8\u09be\u09a4\u09c7",
            "w": 193,
            "x": 1541,
            "y": 184
        },
        {
            "h": 98,
            "id": 120,
            "label": "\u09b0\u0999\u09a7\u09a8\u09c1",
            "w": 183,
            "x": 1566,
            "y": 578
        },
        {
            "h": 75.31850190459728,
            "id": 91,
            "label": "\u0985\u0999\u09cd\u0997\u09a8",
            "w": 168.00000000000003,
            "x": 1576,
            "y": 992.8407490477013
        },
        {
            "h": 87.39944924253601,
            "id": 12,
            "label": "\u09ae\u09a8\u09c7",
            "w": 123.00000000000006,
            "x": 1578.0000000000011,
            "y": 1560.4263956750278
        },
        {
            "h": 84.87364026942501,
            "id": 132,
            "label": "\u09a2\u09c7\u09b0",
            "w": 123.00000000000001,
            "x": 1581.0000000000002,
            "y": 483.0631798652875
        },
        {
            "h": 84.83389284457536,
            "id": 35,
            "label": "\u09b8\u09c1\u0996",
            "w": 111.59096417549033,
            "x": 1599.0281083953723,
            "y": 1388.6991102707966
        },
        {
            "h": 87.07337378704936,
            "id": 151,
            "label": "\u0989\u09aa\u09b0",
            "w": 107,
            "x": 1613.0000000000002,
            "y": 360.4633131064753
        },
        {
            "h": 87.90325263563813,
            "id": 163,
            "label": "\u09b8\u09ac\u09c1\u099c\u09c7",
            "w": 156,
            "x": 1629,
            "y": 271.04837368218097
        },
        {
            "h": 58,
            "id": 61,
            "label": "\u09a2\u09be\u0995\u09c7",
            "w": 129,
            "x": 1636,
            "y": 1212
        },
        {
            "h": 86,
            "id": 31,
            "label": "\u09b8\u09c7\u0987",
            "w": 157,
            "x": 1693,
            "y": 1465
        },
        {
            "h": 101.04327323013264,
            "id": 101,
            "label": "\u09ab\u09c1\u09b2\u09c7",
            "w": 123.00000000000004,
            "x": 1691.4138234290488,
            "y": 891.0414235330817
        },
        {
            "h": 108.11541870898759,
            "id": 18,
            "label": "\u0997\u09bf\u09af\u09bc\u09c7",
            "w": 157.00000000000003,
            "x": 1720.0000000000002,
            "y": 1557.9422906455063
        },
        {
            "h": 96.97612175285164,
            "id": 52,
            "label": "\u0997\u09c7\u099b\u09c7",
            "w": 141,
            "x": 1727.0000000000002,
            "y": 1280.5119391235742
        },
        {
            "h": 103.85425942743376,
            "id": 134,
            "label": "\u09aa\u09c1\u09b0\u09cb\u09a8\u09cb",
            "w": 205.00000000000003,
            "x": 1730.0000000000002,
            "y": 468.5728702862832
        },
        {
            "h": 80.38039715795215,
            "id": 150,
            "label": "\u09b6\u09c1\u0995\u09a8\u09cb",
            "w": 153.00000000000003,
            "x": 1744.0000000000002,
            "y": 369.3098014210239
        },
        {
            "h": 65,
            "id": 180,
            "label": "\u09ac\u09b8\u09c7",
            "w": 132,
            "x": 1754,
            "y": 168
        },
        {
            "h": 58,
            "id": 117,
            "label": "\u098f\u09a8\u09c7",
            "w": 143,
            "x": 1760,
            "y": 594
        },
        {
            "h": 81.00121150743277,
            "id": 92,
            "label": "\u0995\u09cd\u09b7\u09bf\u09aa\u09cd\u09a4",
            "w": 175.75405230710058,
            "x": 1777.8843981835357,
            "y": 987.2672808601162
        },
        {
            "h": 116,
            "id": 71,
            "label": "\u09ac\u09c3\u09b7\u09cd\u099f\u09bf",
            "w": 151,
            "x": 1777,
            "y": 1168
        },
        {
            "h": 68,
            "id": 166,
            "label": "\u098b\u09a6\u09cd\u09a7",
            "w": 113,
            "x": 1794,
            "y": 269
        },
        {
            "h": 70.40780142249817,
            "id": 78,
            "label": "\u09ae\u09c7\u09b2\u09c7",
            "w": 151.43189977853814,
            "x": 1799.1980128230548,
            "y": 1096.3251797389644
        },
        {
            "h": 74.38996277321301,
            "id": 1667237455832,
            "label": "\u09af\u09be\u09af\u09bc",
            "w": 117.50406941667491,
            "x": 1298.774288521477,
            "y": 1005.6875246239968
        },
        {
            "h": 85.57294935517277,
            "id": 1667237585610,
            "label": "\u09ad\u09be\u09ac\u09c7",
            "w": 157.91434111862606,
            "x": 1060.0012497761775,
            "y": 1093.5000416357025
        },
        {
            "h": 90.27538446260087,
            "id": 1667237780146,
            "label": "\u0989\u09a0\u09c7",
            "w": 123.1443922525954,
            "x": 1089.693633791808,
            "y": 1171.9012577653966
        },
        {
            "h": 90.3354257016016,
            "id": 1667238045346,
            "label": "\u09a5\u09c7\u09ae\u09c7",
            "w": 144.80763550873402,
            "x": 1534.6520298261719,
            "y": 1284.1753294192404
        },
        {
            "h": 89.89642478472982,
            "id": 1667239123176,
            "label": "\u09a6\u09c1\u0983\u0996",
            "w": 136.19625408378585,
            "x": 1715.9040493862585,
            "y": 1381.2168779474937
        }
    ],
    "file": "ZarinTasnimMim210609_1.jpg"
}